disease_number,dx,description,icd_ver
1,001,cholera*,ICD9CM-V32
1,0010,cholera d/t vib cholerae,ICD9CM-V32
1,0011,cholera d/t vib el tor,ICD9CM-V32
1,0019,cholera nos,ICD9CM-V32
1,002,typhoid/paratyphoid fev*,ICD9CM-V32
1,0020,typhoid fever,ICD9CM-V32
1,0021,paratyphoid fever a,ICD9CM-V32
1,0022,paratyphoid fever b,ICD9CM-V32
1,0023,paratyphoid fever c,ICD9CM-V32
1,0029,paratyphoid fever nos,ICD9CM-V32
1,003,oth salmonella infection*,ICD9CM-V32
1,0030,salmonella enteritis,ICD9CM-V32
1,0031,salmonella septicemia,ICD9CM-V32
1,0032,local salmonella infect*,ICD9CM-V32
1,00320,local salmonella inf nos,ICD9CM-V32
1,00321,salmonella meningitis,ICD9CM-V32
1,00322,salmonella pneumonia,ICD9CM-V32
1,00323,salmonella arthritis,ICD9CM-V32
1,00324,salmonella osteomyelitis,ICD9CM-V32
1,00329,local salmonella inf nec,ICD9CM-V32
1,0038,salmonella infection nec,ICD9CM-V32
1,0039,salmonella infection nos,ICD9CM-V32
1,004,shigellosis*,ICD9CM-V32
1,0040,shigella dysenteriae,ICD9CM-V32
1,0041,shigella flexneri,ICD9CM-V32
1,0042,shigella boydii,ICD9CM-V32
1,0043,shigella sonnei,ICD9CM-V32
1,0048,shigella infection nec,ICD9CM-V32
1,0049,shigellosis nos,ICD9CM-V32
1,005,other food poisoning*,ICD9CM-V32
1,0050,staph food poisoning,ICD9CM-V32
1,0051,botulism food poisoning,ICD9CM-V32
1,0052,food pois d/t c. perfrin,ICD9CM-V32
1,0053,food pois: clostrid nec,ICD9CM-V32
1,0054,food pois: v. parahaem,ICD9CM-V32
1,0058,bact food poisoning nec*,ICD9CM-V32
1,00581,food poisn d/t v. vulnif,ICD9CM-V32
1,00589,bact food poisoning nec,ICD9CM-V32
1,0059,food poisoning nos,ICD9CM-V32
1,006,amebiasis*,ICD9CM-V32
1,0060,ac amebiasis w/o abscess,ICD9CM-V32
1,0061,chr amebiasis w/o absces,ICD9CM-V32
1,0062,amebic nondysent colitis,ICD9CM-V32
1,0063,amebic liver abscess,ICD9CM-V32
1,0064,amebic lung abscess,ICD9CM-V32
1,0065,amebic brain abscess,ICD9CM-V32
1,0066,amebic skin ulceration,ICD9CM-V32
1,0068,amebic infection nec,ICD9CM-V32
1,0069,amebiasis nos,ICD9CM-V32
1,007,oth protozoal intest dis*,ICD9CM-V32
1,0070,balantidiasis,ICD9CM-V32
1,0071,giardiasis,ICD9CM-V32
1,0072,coccidiosis,ICD9CM-V32
1,0073,intest trichomoniasis,ICD9CM-V32
1,0074,cryptosporidiosis,ICD9CM-V32
1,0075,cyclosporiasis,ICD9CM-V32
1,0078,protozoal intest dis nec,ICD9CM-V32
1,0079,protozoal intest dis nos,ICD9CM-V32
1,008,intestinal infection nec*,ICD9CM-V32
1,0080,e. coli enteritis*,ICD9CM-V32
1,00800,intest infec e coli nos,ICD9CM-V32
1,00801,int inf e coli entrpath,ICD9CM-V32
1,00802,int inf e coli entrtoxgn,ICD9CM-V32
1,00803,int inf e coli entrnvsv,ICD9CM-V32
1,00804,int inf e coli entrhmrg,ICD9CM-V32
1,00809,int inf e coli spcf nec,ICD9CM-V32
1,0081,arizona enteritis,ICD9CM-V32
1,0082,aerobacter enteritis,ICD9CM-V32
1,0083,proteus enteritis,ICD9CM-V32
1,0084,bacterial enteritis nec*,ICD9CM-V32
1,00841,staphylococc enteritis,ICD9CM-V32
1,00842,pseudomonas enteritis,ICD9CM-V32
1,00843,int infec campylobacter,ICD9CM-V32
1,00844,int inf yrsnia entrcltca,ICD9CM-V32
1,00845,int inf clstrdium dfcile,ICD9CM-V32
1,00846,intes infec oth anerobes,ICD9CM-V32
1,00847,int inf oth grm neg bctr,ICD9CM-V32
1,00849,bacterial enteritis nec,ICD9CM-V32
1,0085,bacterial enteritis nos,ICD9CM-V32
1,0086,viral enteritis nec*,ICD9CM-V32
1,00861,intes infec rotavirus,ICD9CM-V32
1,00862,intes infec adenovirus,ICD9CM-V32
1,00863,int inf norwalk virus,ICD9CM-V32
1,00864,int inf oth sml rnd vrus,ICD9CM-V32
1,00865,enteritis d/t calicivirs,ICD9CM-V32
1,00866,intes infec astrovirus,ICD9CM-V32
1,00867,int inf enterovirus nec,ICD9CM-V32
1,00869,other viral intes infec,ICD9CM-V32
1,0088,viral enteritis nos,ICD9CM-V32
1,009,ill-defined intest inf*,ICD9CM-V32
1,0090,infectious enteritis nos,ICD9CM-V32
1,0091,enteritis of infect orig,ICD9CM-V32
1,0092,infectious diarrhea nos,ICD9CM-V32
1,0093,diarrhea of infect orig,ICD9CM-V32
2,030,leprosy*,ICD9CM-V32
2,0300,lepromatous leprosy,ICD9CM-V32
2,0301,tuberculoid leprosy,ICD9CM-V32
2,0302,indeterminate leprosy,ICD9CM-V32
2,0303,borderline leprosy,ICD9CM-V32
2,0308,leprosy nec,ICD9CM-V32
2,0309,leprosy nos,ICD9CM-V32
2,031,other mycobacterial dis*,ICD9CM-V32
2,0310,pulmonary mycobacteria,ICD9CM-V32
2,0311,cutaneous mycobacteria,ICD9CM-V32
2,0312,dmac bacteremia,ICD9CM-V32
2,0318,mycobacterial dis nec,ICD9CM-V32
2,0319,mycobacterial dis nos,ICD9CM-V32
2,032,diphtheria*,ICD9CM-V32
2,0320,faucial diphtheria,ICD9CM-V32
2,0321,nasopharynx diphtheria,ICD9CM-V32
2,0322,ant nasal diphtheria,ICD9CM-V32
2,0323,laryngeal diphtheria,ICD9CM-V32
2,0328,other diphtheria*,ICD9CM-V32
2,03281,conjunctival diphtheria,ICD9CM-V32
2,03282,diphtheritic myocarditis,ICD9CM-V32
2,03283,diphtheritic peritonitis,ICD9CM-V32
2,03284,diphtheritic cystitis,ICD9CM-V32
2,03285,cutaneous diphtheria,ICD9CM-V32
2,03289,diphtheria nec,ICD9CM-V32
2,0329,diphtheria nos,ICD9CM-V32
2,033,whooping cough*,ICD9CM-V32
2,0330,bordetella pertussis,ICD9CM-V32
2,0331,bordetella parapertussis,ICD9CM-V32
2,0338,whooping cough nec,ICD9CM-V32
2,0339,whooping cough nos,ICD9CM-V32
2,034,strep throat/scarlet fev*,ICD9CM-V32
2,0340,strep sore throat,ICD9CM-V32
2,0341,scarlet fever,ICD9CM-V32
2,035,erysipelas,ICD9CM-V32
2,036,meningococcal infection*,ICD9CM-V32
2,0360,meningococcal meningitis,ICD9CM-V32
2,0361,meningococc encephalitis,ICD9CM-V32
2,0362,meningococcemia,ICD9CM-V32
2,0363,meningococc adrenal synd,ICD9CM-V32
2,0364,meningococcal carditis*,ICD9CM-V32
2,03640,meningococc carditis nos,ICD9CM-V32
2,03641,meningococc pericarditis,ICD9CM-V32
2,03642,meningococc endocarditis,ICD9CM-V32
2,03643,meningococc myocarditis,ICD9CM-V32
2,0368,other meningococcal inf*,ICD9CM-V32
2,03681,meningococc optic neurit,ICD9CM-V32
2,03682,meningococc arthropathy,ICD9CM-V32
2,03689,meningococcal infect nec,ICD9CM-V32
2,0369,meningococcal infect nos,ICD9CM-V32
2,037,tetanus,ICD9CM-V32
2,038,septicemia*,ICD9CM-V32
2,0380,streptococcal septicemia,ICD9CM-V32
2,0381,staphylococc septicemia*,ICD9CM-V32
2,03810,staphylcocc septicem nos,ICD9CM-V32
2,03811,meth susc staph aur sept,ICD9CM-V32
2,03812,mrsa septicemia,ICD9CM-V32
2,03819,staphylcocc septicem nec,ICD9CM-V32
2,0382,pneumococcal septicemia,ICD9CM-V32
2,0383,anaerobic septicemia,ICD9CM-V32
2,0384,gram-neg septicemia nec*,ICD9CM-V32
2,03840,gram-neg septicemia nos,ICD9CM-V32
2,03841,h. influenae septicemia,ICD9CM-V32
2,03842,e coli septicemia,ICD9CM-V32
2,03843,pseudomonas septicemia,ICD9CM-V32
2,03844,serratia septicemia,ICD9CM-V32
2,03849,gram-neg septicemia nec,ICD9CM-V32
2,0388,septicemia nec,ICD9CM-V32
2,0389,septicemia nos,ICD9CM-V32
2,039,actinomycotic infections*,ICD9CM-V32
2,0390,cutaneous actinomycosis,ICD9CM-V32
2,0391,pulmonary actinomycosis,ICD9CM-V32
2,0392,abdominal actinomycosis,ICD9CM-V32
2,0393,cervicofac actinomycosis,ICD9CM-V32
2,0394,madura foot,ICD9CM-V32
2,0398,actinomycosis nec,ICD9CM-V32
2,0399,actinomycosis nos,ICD9CM-V32
2,040,other bacterial diseases*,ICD9CM-V32
2,0400,gas gangrene,ICD9CM-V32
2,0401,rhinoscleroma,ICD9CM-V32
2,0402,whipple's disease,ICD9CM-V32
2,0403,necrobacillosis,ICD9CM-V32
2,0404,*,ICD9CM-V32
2,04041,infant botulism,ICD9CM-V32
2,04042,wound botulism,ICD9CM-V32
2,0408,bacterial diseases nec*,ICD9CM-V32
2,04081,tropical pyomyositis,ICD9CM-V32
2,04082,toxic shock syndrome,ICD9CM-V32
2,04089,bacterial diseases nec,ICD9CM-V32
2,041,bact inf in oth dis/nos*,ICD9CM-V32
2,0410,streptococcus infect nos*,ICD9CM-V32
2,04100,streptococcus unspecf,ICD9CM-V32
2,04101,streptococcus group a,ICD9CM-V32
2,04102,streptococcus group b,ICD9CM-V32
2,04103,streptococcus group c,ICD9CM-V32
2,04104,enterococcus group d,ICD9CM-V32
2,04105,streptococcus group g,ICD9CM-V32
2,04109,other streptococcus,ICD9CM-V32
2,0411,staph infection nos*,ICD9CM-V32
2,04110,staphylococcus unspcfied,ICD9CM-V32
2,04111,mth sus stph aur els/nos,ICD9CM-V32
2,04112,mrsa elsewhere/nos,ICD9CM-V32
2,04119,other staphylococcus,ICD9CM-V32
2,0412,pneumococcus infect nos,ICD9CM-V32
2,0413,klebsiella pneumoniae,ICD9CM-V32
2,0414,e. coli infect nos#,ICD9CM-V32
2,04141,shiga txn-produce e.coli,ICD9CM-V32
2,04142,shga txn prod e.coli nec,ICD9CM-V32
2,04143,shga txn prod e.coli nos,ICD9CM-V32
2,04149,e.coli infection nec/nos,ICD9CM-V32
2,0415,h. influenzae infect nos,ICD9CM-V32
2,0416,proteus infection nos,ICD9CM-V32
2,0417,pseudomonas infect nos,ICD9CM-V32
2,0418,bacterial infection nec*,ICD9CM-V32
2,04181,mycoplasma,ICD9CM-V32
2,04182,bacteroides fragilis,ICD9CM-V32
2,04183,clostridium perfringens,ICD9CM-V32
2,04184,other anaerobes,ICD9CM-V32
2,04185,oth gram negatv bacteria,ICD9CM-V32
2,04186,helicobacter pylori,ICD9CM-V32
2,04189,oth specf bacteria,ICD9CM-V32
2,0419,bacterial infection nos,ICD9CM-V32
3,110,dermatophytosis*,ICD9CM-V32
3,1100,dermatophyt scalp/beard,ICD9CM-V32
3,1101,dermatophytosis of nail,ICD9CM-V32
3,1102,dermatophytosis of hand,ICD9CM-V32
3,1103,dermatophytosis of groin,ICD9CM-V32
3,1104,dermatophytosis of foot,ICD9CM-V32
3,1105,dermatophytosis of body,ICD9CM-V32
3,1106,deep dermatophytosis,ICD9CM-V32
3,1108,dermatophytosis site nec,ICD9CM-V32
3,1109,dermatophytosis site nos,ICD9CM-V32
3,111,dermatomycosis nec/nos*,ICD9CM-V32
3,1110,pityriasis versicolor,ICD9CM-V32
3,1111,tinea nigra,ICD9CM-V32
3,1112,tinea blanca,ICD9CM-V32
3,1113,black piedra,ICD9CM-V32
3,1118,dermatomycoses nec,ICD9CM-V32
3,1119,dermatomycosis nos,ICD9CM-V32
3,112,candidiasis*,ICD9CM-V32
3,1120,thrush,ICD9CM-V32
3,1121,candidal vulvovaginitis,ICD9CM-V32
3,1122,candidias urogenital nec,ICD9CM-V32
3,1123,cutaneous candidiasis,ICD9CM-V32
3,1124,candidiasis of lung,ICD9CM-V32
3,1125,disseminated candidiasis,ICD9CM-V32
3,1128,candidiasis other sites*,ICD9CM-V32
3,11281,candidal endocarditis,ICD9CM-V32
3,11282,candidal otitis externa,ICD9CM-V32
3,11283,candidal meningitis,ICD9CM-V32
3,11284,candidal esophagitis,ICD9CM-V32
3,11285,candidal enteritis,ICD9CM-V32
3,11289,candidiasis site nec,ICD9CM-V32
3,1129,candidiasis site nos,ICD9CM-V32
3,114,coccidioidomycosis*,ICD9CM-V32
3,1140,primary coccidioidomycos,ICD9CM-V32
3,1141,prim cutan coccidioid,ICD9CM-V32
3,1142,coccidioidal meningitis,ICD9CM-V32
3,1143,progress coccidioid nec,ICD9CM-V32
3,1144,ch pl coccidioidomycosis,ICD9CM-V32
3,1145,pl cocidioidomycosis nos,ICD9CM-V32
3,1149,coccidioidomycosis nos,ICD9CM-V32
3,115,histoplasmosis*,ICD9CM-V32
3,1150,histoplasma capsulatum*,ICD9CM-V32
3,11500,histoplasma capsulat nos,ICD9CM-V32
3,11501,histoplasm capsul mening,ICD9CM-V32
3,11502,histoplasm capsul retina,ICD9CM-V32
3,11503,histoplasm caps pericard,ICD9CM-V32
3,11504,histoplasm caps endocard,ICD9CM-V32
3,11505,histoplasm caps pneumon,ICD9CM-V32
3,11509,histoplasma capsulat nec,ICD9CM-V32
3,1151,histoplasma duboisii*,ICD9CM-V32
3,11510,histoplasma duboisii nos,ICD9CM-V32
3,11511,histoplasm dubois mening,ICD9CM-V32
3,11512,histoplasm dubois retina,ICD9CM-V32
3,11513,histoplasm dub pericard,ICD9CM-V32
3,11514,histoplasm dub endocard,ICD9CM-V32
3,11515,histoplasm dub pneumonia,ICD9CM-V32
3,11519,histoplasma duboisii nec,ICD9CM-V32
3,1159,"histoplasmosis, unspec*",ICD9CM-V32
3,11590,histoplasmosis nos,ICD9CM-V32
3,11591,histoplasmosis meningit,ICD9CM-V32
3,11592,histoplasmosis retinitis,ICD9CM-V32
3,11593,histoplasmosis pericard,ICD9CM-V32
3,11594,histoplasmosis endocard,ICD9CM-V32
3,11595,histoplasmosis pneumonia,ICD9CM-V32
3,11599,histoplasmosis nec,ICD9CM-V32
3,116,blastomycotic infection*,ICD9CM-V32
3,1160,blastomycosis,ICD9CM-V32
3,1161,paracoccidioidomycosis,ICD9CM-V32
3,1162,lobomycosis,ICD9CM-V32
3,117,other mycoses*,ICD9CM-V32
3,1170,rhinosporidiosis,ICD9CM-V32
3,1171,sporotrichosis,ICD9CM-V32
3,1172,chromoblastomycosis,ICD9CM-V32
3,1173,aspergillosis,ICD9CM-V32
3,1174,mycotic mycetomas,ICD9CM-V32
3,1175,cryptococcosis,ICD9CM-V32
3,1176,allescheriosis,ICD9CM-V32
3,1177,zygomycosis,ICD9CM-V32
3,1178,dematiacious fungi inf,ICD9CM-V32
3,1179,mycoses nec & nos,ICD9CM-V32
3,118,opportunistic mycoses,ICD9CM-V32
4,190,malignant neoplasm eye*,ICD9CM-V32
4,1900,malign neopl eyeball,ICD9CM-V32
4,1901,malign neopl orbit,ICD9CM-V32
4,1902,mal neo lacrimal gland,ICD9CM-V32
4,1903,mal neo conjunctiva,ICD9CM-V32
4,1904,malign neopl cornea,ICD9CM-V32
4,1905,malign neopl retina,ICD9CM-V32
4,1906,malign neopl choroid,ICD9CM-V32
4,1907,mal neo lacrimal duct,ICD9CM-V32
4,1908,malign neopl eye nec,ICD9CM-V32
4,1909,malign neopl eye nos,ICD9CM-V32
4,191,malignant neoplasm brain*,ICD9CM-V32
4,1910,malign neopl cerebrum,ICD9CM-V32
4,1911,malig neo frontal lobe,ICD9CM-V32
4,1912,mal neo temporal lobe,ICD9CM-V32
4,1913,mal neo parietal lobe,ICD9CM-V32
4,1914,mal neo occipital lobe,ICD9CM-V32
4,1915,mal neo cereb ventricle,ICD9CM-V32
4,1916,mal neo cerebellum nos,ICD9CM-V32
4,1917,mal neo brain stem,ICD9CM-V32
4,1918,malig neo brain nec,ICD9CM-V32
4,1919,malig neo brain nos,ICD9CM-V32
4,192,mal neo nerve nec/nos*,ICD9CM-V32
4,1920,mal neo cranial nerves,ICD9CM-V32
4,1921,mal neo cerebral mening,ICD9CM-V32
4,1922,mal neo spinal cord,ICD9CM-V32
4,1923,mal neo spinal meninges,ICD9CM-V32
4,1928,mal neo nervous syst nec,ICD9CM-V32
4,1929,mal neo nervous syst nos,ICD9CM-V32
4,193,malign neopl thyroid,ICD9CM-V32
4,194,mal neo other endocrine*,ICD9CM-V32
4,1940,malign neopl adrenal,ICD9CM-V32
4,1941,malig neo parathyroid,ICD9CM-V32
4,1943,malig neo pituitary,ICD9CM-V32
4,1944,malign neo pineal gland,ICD9CM-V32
4,1945,mal neo carotid body,ICD9CM-V32
4,1946,mal neo paraganglia nec,ICD9CM-V32
4,1948,mal neo endocrine nec,ICD9CM-V32
4,1949,mal neo endocrine nos,ICD9CM-V32
4,195,mal neo oth/ill-def site*,ICD9CM-V32
4,1950,mal neo head/face/neck,ICD9CM-V32
4,1951,malign neopl thorax,ICD9CM-V32
4,1952,malig neo abdomen,ICD9CM-V32
4,1953,malign neopl pelvis,ICD9CM-V32
4,1954,malign neopl arm,ICD9CM-V32
4,1955,malign neopl leg,ICD9CM-V32
4,1958,malig neo site nec,ICD9CM-V32
4,196,malig neo lymph nodes*,ICD9CM-V32
4,1960,mal neo lymph-head/neck,ICD9CM-V32
4,1961,mal neo lymph-intrathor,ICD9CM-V32
4,1962,mal neo lymph intra-abd,ICD9CM-V32
4,1963,mal neo lymph-axilla/arm,ICD9CM-V32
4,1965,mal neo lymph-inguin/leg,ICD9CM-V32
4,1966,mal neo lymph-intrapelv,ICD9CM-V32
4,1968,mal neo lymph node-mult,ICD9CM-V32
4,1969,mal neo lymph node nos,ICD9CM-V32
4,197,secondry mal neo gi/resp*,ICD9CM-V32
4,1970,secondary malig neo lung,ICD9CM-V32
4,1971,sec mal neo mediastinum,ICD9CM-V32
4,1972,second malig neo pleura,ICD9CM-V32
4,1973,sec malig neo resp nec,ICD9CM-V32
4,1974,sec malig neo sm bowel,ICD9CM-V32
4,1975,sec malig neo lg bowel,ICD9CM-V32
4,1976,sec mal neo peritoneum,ICD9CM-V32
4,1977,second malig neo liver,ICD9CM-V32
4,1978,sec mal neo gi nec,ICD9CM-V32
4,198,sec malig neo oth sites*,ICD9CM-V32
4,1980,second malig neo kidney,ICD9CM-V32
4,1981,sec malig neo urin nec,ICD9CM-V32
4,1982,secondary malig neo skin,ICD9CM-V32
4,1983,sec mal neo brain/spine,ICD9CM-V32
4,1984,sec malig neo nerve nec,ICD9CM-V32
4,1985,secondary malig neo bone,ICD9CM-V32
4,1986,second malig neo ovary,ICD9CM-V32
4,1987,second malig neo adrenal,ICD9CM-V32
4,1988,oth secondary malig neo*,ICD9CM-V32
4,19881,second malig neo breast,ICD9CM-V32
4,19882,second malig neo genital,ICD9CM-V32
4,19889,secondary malig neo nec,ICD9CM-V32
4,199,malignant neoplasm nos*,ICD9CM-V32
4,1990,malig neo disseminated,ICD9CM-V32
4,1991,malignant neoplasm nos,ICD9CM-V32
4,1992,malig neopl-transp organ,ICD9CM-V32
5,210,ben neo oral cav/pharynx*,ICD9CM-V32
5,2100,benign neoplasm lip,ICD9CM-V32
5,2101,benign neoplasm tongue,ICD9CM-V32
5,2102,ben neo major salivary,ICD9CM-V32
5,2103,benign neo mouth floor,ICD9CM-V32
5,2104,benign neo mouth nec/nos,ICD9CM-V32
5,2105,benign neoplasm tonsil,ICD9CM-V32
5,2106,benign neo oropharyn nec,ICD9CM-V32
5,2107,benign neo nasopharynx,ICD9CM-V32
5,2108,benign neo hypopharynx,ICD9CM-V32
5,2109,benign neo pharynx nos,ICD9CM-V32
5,211,oth benign neoplasm gi*,ICD9CM-V32
5,2110,benign neo esophagus,ICD9CM-V32
5,2111,benign neoplasm stomach,ICD9CM-V32
5,2112,benign neoplasm sm bowel,ICD9CM-V32
5,2113,benign neoplasm lg bowel,ICD9CM-V32
5,2114,benign neopl rectum/anus,ICD9CM-V32
5,2115,ben neo liver/bile ducts,ICD9CM-V32
5,2116,benign neoplasm pancreas,ICD9CM-V32
5,2117,ben neo islets langerhan,ICD9CM-V32
5,2118,ben neo peritoneum,ICD9CM-V32
5,2119,ben neo gi tract nec/nos,ICD9CM-V32
5,212,ben neo resp syst/thorax*,ICD9CM-V32
5,2120,ben neo nasal cav/sinus,ICD9CM-V32
5,2121,benign neo larynx,ICD9CM-V32
5,2122,benign neo trachea,ICD9CM-V32
5,2123,benign neo bronchus/lung,ICD9CM-V32
5,2124,benign neoplasm pleura,ICD9CM-V32
5,2125,benign neo mediastinum,ICD9CM-V32
5,2126,benign neoplasm thymus,ICD9CM-V32
5,2127,benign neoplasm heart,ICD9CM-V32
5,2128,benign neo resp sys nec,ICD9CM-V32
5,2129,benign neo resp sys nos,ICD9CM-V32
5,213,ben neo bone/artic cart*,ICD9CM-V32
5,2130,ben neo skull/face bone,ICD9CM-V32
5,2131,ben neo lower jaw bone,ICD9CM-V32
5,2132,benign neo vertebrae,ICD9CM-V32
5,2133,ben neo ribs/stern/clav,ICD9CM-V32
5,2134,ben neo long bones arm,ICD9CM-V32
5,2135,ben neo bones wrist/hand,ICD9CM-V32
5,2136,benign neo pelvic girdle,ICD9CM-V32
5,2137,ben neo long bones leg,ICD9CM-V32
5,2138,ben neo bones ankle/foot,ICD9CM-V32
5,2139,benign neo bone nos,ICD9CM-V32
5,214,lipoma*,ICD9CM-V32
5,2140,lipoma skin face,ICD9CM-V32
5,2141,lipoma skin nec,ICD9CM-V32
5,2142,lipoma intrathoracic,ICD9CM-V32
5,2143,lipoma intra-abdominal,ICD9CM-V32
5,2144,lipoma spermatic cord,ICD9CM-V32
5,2148,lipoma nec,ICD9CM-V32
5,2149,lipoma nos,ICD9CM-V32
5,215,oth ben neo soft tissue*,ICD9CM-V32
5,2150,ben neo soft tissue head,ICD9CM-V32
5,2152,ben neo soft tissue arm,ICD9CM-V32
5,2153,ben neo soft tissue leg,ICD9CM-V32
5,2154,ben neo soft tis thorax,ICD9CM-V32
5,2155,ben neo soft tis abdomen,ICD9CM-V32
5,2156,ben neo soft tis pelvis,ICD9CM-V32
5,2157,benign neo trunk nos,ICD9CM-V32
5,2158,ben neo soft tissue nec,ICD9CM-V32
5,2159,ben neo soft tissue nos,ICD9CM-V32
5,216,benign neoplasm of skin*,ICD9CM-V32
5,2160,benign neo skin lip,ICD9CM-V32
5,2161,benign neo skin eyelid,ICD9CM-V32
5,2162,benign neo skin ear,ICD9CM-V32
5,2163,benign neo skin face nec,ICD9CM-V32
5,2164,ben neo scalp/skin neck,ICD9CM-V32
5,2165,benign neo skin trunk,ICD9CM-V32
5,2166,benign neo skin arm,ICD9CM-V32
5,2167,benign neo skin leg,ICD9CM-V32
5,2168,benign neoplasm skin nec,ICD9CM-V32
5,2169,benign neoplasm skin nos,ICD9CM-V32
5,217,benign neoplasm breast,ICD9CM-V32
5,218,uterine leiomyoma*,ICD9CM-V32
5,2180,submucous leiomyoma,ICD9CM-V32
5,2181,intramural leiomyoma,ICD9CM-V32
5,2182,subserous leiomyoma,ICD9CM-V32
5,2189,uterine leiomyoma nos,ICD9CM-V32
5,219,oth benign neo uterus*,ICD9CM-V32
5,2190,benign neo cervix uteri,ICD9CM-V32
5,2191,benign neo corpus uteri,ICD9CM-V32
5,2198,benign neo uterus nec,ICD9CM-V32
5,2199,benign neo uterus nos,ICD9CM-V32
5,220,benign neoplasm ovary,ICD9CM-V32
5,221,ben neo oth fem genital*,ICD9CM-V32
5,2210,ben neo fallopian tube,ICD9CM-V32
5,2211,benign neoplasm vagina,ICD9CM-V32
5,2212,benign neoplasm vulva,ICD9CM-V32
5,2218,ben neo fem genital nec,ICD9CM-V32
5,2219,ben neo fem genital nos,ICD9CM-V32
5,222,benign neo male genital*,ICD9CM-V32
5,2220,benign neoplasm testis,ICD9CM-V32
5,2221,benign neoplasm penis,ICD9CM-V32
5,2222,benign neoplasm prostate,ICD9CM-V32
5,2223,benign neo epididymis,ICD9CM-V32
5,2224,benign neoplasm scrotum,ICD9CM-V32
5,2228,ben neo male genital nec,ICD9CM-V32
5,2229,ben neo male genital nos,ICD9CM-V32
5,223,benign neoplasm urinary*,ICD9CM-V32
5,2230,benign neoplasm kidney,ICD9CM-V32
5,2231,benign neo renal pelvis,ICD9CM-V32
5,2232,benign neoplasm ureter,ICD9CM-V32
5,2233,benign neoplasm bladder,ICD9CM-V32
5,2238,benign neo oth urinary*,ICD9CM-V32
5,22381,benign neoplasm urethra,ICD9CM-V32
5,22389,benign neo urinary nec,ICD9CM-V32
5,2239,benign neo urinary nos,ICD9CM-V32
5,224,benign neoplasm of eye*,ICD9CM-V32
5,2240,benign neoplasm eyeball,ICD9CM-V32
5,2241,benign neoplasm orbit,ICD9CM-V32
5,2242,ben neo lacrimal gland,ICD9CM-V32
5,2243,benign neo conjunctiva,ICD9CM-V32
5,2244,benign neoplasm cornea,ICD9CM-V32
5,2245,benign neoplasm retina,ICD9CM-V32
5,2246,benign neoplasm choroid,ICD9CM-V32
5,2247,ben neo lacrimal duct,ICD9CM-V32
5,2248,benign neoplasm eye nec,ICD9CM-V32
5,2249,benign neoplasm eye nos,ICD9CM-V32
5,225,benign neo nervous syst*,ICD9CM-V32
5,2250,benign neoplasm brain,ICD9CM-V32
5,2251,benign neo cranial nerve,ICD9CM-V32
5,2252,ben neo cerebr meninges,ICD9CM-V32
5,2253,benign neo spinal cord,ICD9CM-V32
5,2254,ben neo spinal meninges,ICD9CM-V32
5,2258,benign neo nerv sys nec,ICD9CM-V32
5,2259,benign neo nerv sys nos,ICD9CM-V32
5,226,benign neoplasm thyroid,ICD9CM-V32
5,227,ben neo oth endocrine*,ICD9CM-V32
5,2270,benign neoplasm adrenal,ICD9CM-V32
5,2271,benign neo parathyroid,ICD9CM-V32
5,2273,benign neo pituitary,ICD9CM-V32
5,2274,ben neopl pineal gland,ICD9CM-V32
5,2275,benign neo carotid body,ICD9CM-V32
5,2276,ben neo paraganglia nec,ICD9CM-V32
5,2278,benign neo endocrine nec,ICD9CM-V32
5,2279,benign neo endocrine nos,ICD9CM-V32
5,228,hemangioma/lymphangioma*,ICD9CM-V32
5,2280,"hemangioma, any site*",ICD9CM-V32
5,22800,hemangioma nos,ICD9CM-V32
5,22801,hemangioma skin,ICD9CM-V32
5,22802,hemangioma intracranial,ICD9CM-V32
5,22803,hemangioma retina,ICD9CM-V32
5,22804,hemangioma intra-abdom,ICD9CM-V32
5,22809,hemangioma nec,ICD9CM-V32
5,2281,"lymphangioma, any site",ICD9CM-V32
5,229,benign neoplasm nec/nos*,ICD9CM-V32
5,2290,benign neo lymph nodes,ICD9CM-V32
5,2298,benign neoplasm nec,ICD9CM-V32
5,2299,benign neoplasm nos,ICD9CM-V32
6,235,unc behav neo gi/resp*,ICD9CM-V32
6,2350,unc behav neo salivary,ICD9CM-V32
6,2351,unc behav neo oral/phar,ICD9CM-V32
6,2352,unc behav neo intestine,ICD9CM-V32
6,2353,unc behav neo liver,ICD9CM-V32
6,2354,unc behav neo peritoneum,ICD9CM-V32
6,2355,unc behav neo gi nec,ICD9CM-V32
6,2356,unc behav neo larynx,ICD9CM-V32
6,2357,unc behav neo lung,ICD9CM-V32
6,2358,unc behav neo pleura,ICD9CM-V32
6,2359,unc behav neo resp nec,ICD9CM-V32
6,236,unc behav neo gu*,ICD9CM-V32
6,2360,uncert behav neo uterus,ICD9CM-V32
6,2361,unc behav neo placenta,ICD9CM-V32
6,2362,unc behav neo ovary,ICD9CM-V32
6,2363,unc behav neo female nec,ICD9CM-V32
6,2364,unc behav neo testis,ICD9CM-V32
6,2365,unc behav neo prostate,ICD9CM-V32
6,2366,unc behav neo male nec,ICD9CM-V32
6,2367,unc behav neo bladder,ICD9CM-V32
6,2369,unc behav neo oth urinar*,ICD9CM-V32
6,23690,unc behav neo urinar nos,ICD9CM-V32
6,23691,unc behav neo kidney,ICD9CM-V32
6,23699,unc behav neo urinar nec,ICD9CM-V32
6,237,uncer neo endocrine/nerv*,ICD9CM-V32
6,2370,unc behav neo pituitary,ICD9CM-V32
6,2371,unc behav neo pineal,ICD9CM-V32
6,2372,unc behav neo adrenal,ICD9CM-V32
6,2373,unc behav neo paragang,ICD9CM-V32
6,2374,uncer neo endocrine nec,ICD9CM-V32
6,2375,unc beh neo brain/spinal,ICD9CM-V32
6,2376,unc behav neo meninges,ICD9CM-V32
6,2377,neurofibromatosis*,ICD9CM-V32
6,23770,neurofibromatosis nos,ICD9CM-V32
6,23771,neurofibromatosis type i,ICD9CM-V32
6,23772,neurofibromatosis typ ii,ICD9CM-V32
6,23773,schwannomatosis,ICD9CM-V32
6,23779,neurofibromatosis nec,ICD9CM-V32
6,2379,unc beh neo nerv sys nec,ICD9CM-V32
6,238,unc behav neo nec/nos*,ICD9CM-V32
6,2380,unc behav neo bone,ICD9CM-V32
6,2381,unc behav neo soft tissu,ICD9CM-V32
6,2382,unc behav neo skin,ICD9CM-V32
6,2383,unc behav neo breast,ICD9CM-V32
6,2384,polycythemia vera,ICD9CM-V32
6,2385,mastocytoma nos,ICD9CM-V32
6,2386,plasmacytoma nos,ICD9CM-V32
6,2387,lymphoproliferat dis nos#,ICD9CM-V32
6,23871,essntial thrombocythemia,ICD9CM-V32
6,23872,low grde myelody syn les,ICD9CM-V32
6,23873,hi grde myelodys syn les,ICD9CM-V32
6,23874,myelodyspls syn w 5q del,ICD9CM-V32
6,23875,myelodysplastic synd nos,ICD9CM-V32
6,23876,myelofi w myelo metaplas,ICD9CM-V32
6,23877,post tp lymphprolif dis,ICD9CM-V32
6,23879,lymph/hematpoitc tis nec,ICD9CM-V32
6,2388,uncert behavior neo nec,ICD9CM-V32
6,2389,uncert behavior neo nos,ICD9CM-V32
7,240,"goiter, simple/nos*",ICD9CM-V32
7,2400,simple goiter,ICD9CM-V32
7,2409,goiter nos,ICD9CM-V32
7,241,nontoxic nodular goiter*,ICD9CM-V32
7,2410,nontox uninodular goiter,ICD9CM-V32
7,2411,nontox multinodul goiter,ICD9CM-V32
7,2419,nontox nodul goiter nos,ICD9CM-V32
7,242,thyrotoxicosis*,ICD9CM-V32
7,2420,toxic diffuse goiter*,ICD9CM-V32
7,24200,tox dif goiter no crisis,ICD9CM-V32
7,24201,tox dif goiter w crisis,ICD9CM-V32
7,2421,toxic uninodular goiter*,ICD9CM-V32
7,24210,tox uninod goit no cris,ICD9CM-V32
7,24211,tox uninod goit w crisis,ICD9CM-V32
7,2422,toxic multinodul goiter*,ICD9CM-V32
7,24220,tox multnod goit no cris,ICD9CM-V32
7,24221,tox multnod goit w cris,ICD9CM-V32
7,2423,toxic nodular goiter nos*,ICD9CM-V32
7,24230,tox nod goiter no crisis,ICD9CM-V32
7,24231,tox nod goiter w crisis,ICD9CM-V32
7,2424,thyrotox d/t ectop nodul*,ICD9CM-V32
7,24240,thyrotox-ect nod no cris,ICD9CM-V32
7,24241,thyrotox-ect nod w cris,ICD9CM-V32
7,2428,thyrotox spec origin nec*,ICD9CM-V32
7,24280,thyrtox orig nec no cris,ICD9CM-V32
7,24281,thyrotox orig nec w cris,ICD9CM-V32
7,2429,thyrotoxicosis nos*,ICD9CM-V32
7,24290,thyrotox nos no crisis,ICD9CM-V32
7,24291,thyrotox nos w crisis,ICD9CM-V32
7,243,congenital hypothyroidsm,ICD9CM-V32
7,244,acquired hypothyroidism*,ICD9CM-V32
7,2440,postsurgical hypothyroid,ICD9CM-V32
7,2441,postablat hypothyr nec,ICD9CM-V32
7,2442,iodine hypothyroidism,ICD9CM-V32
7,2443,iatrogen hypothyroid nec,ICD9CM-V32
7,2448,acquired hypothyroid nec,ICD9CM-V32
7,2449,hypothyroidism nos,ICD9CM-V32
7,245,thyroiditis*,ICD9CM-V32
7,2450,acute thyroiditis,ICD9CM-V32
7,2451,subacute thyroiditis,ICD9CM-V32
7,2452,chr lymphocyt thyroidit,ICD9CM-V32
7,2453,chr fibrous thyroiditis,ICD9CM-V32
7,2454,iatrogenic thyroiditis,ICD9CM-V32
7,2458,chr thyroiditis nec/nos,ICD9CM-V32
7,2459,thyroiditis nos,ICD9CM-V32
7,246,oth disorders of thyroid*,ICD9CM-V32
7,2460,dis thyrocalciton secret,ICD9CM-V32
7,2461,dyshormonogenic goiter,ICD9CM-V32
7,2462,cyst of thyroid,ICD9CM-V32
7,2463,hemorr/infarc thyroid,ICD9CM-V32
7,2468,disorders of thyroid nec,ICD9CM-V32
7,2469,disorder of thyroid nos,ICD9CM-V32
8,250,diabetes mellitus*,ICD9CM-V32
8,2500,diabetes mellitus uncomp*,ICD9CM-V32
8,25000,dmii wo cmp nt st uncntr,ICD9CM-V32
8,25001,dmi wo cmp nt st uncntrl,ICD9CM-V32
8,25002,dmii wo cmp uncntrld,ICD9CM-V32
8,25003,dmi wo cmp uncntrld,ICD9CM-V32
8,2501,diabetes w ketoacidosis*,ICD9CM-V32
8,25010,dmii keto nt st uncntrld,ICD9CM-V32
8,25011,dmi keto nt st uncntrld,ICD9CM-V32
8,25012,dmii ketoacd uncontrold,ICD9CM-V32
8,25013,dmi ketoacd uncontrold,ICD9CM-V32
8,2502,diab w hyperosmolar coma*,ICD9CM-V32
8,25020,dmii hprsm nt st uncntrl,ICD9CM-V32
8,25021,dmi hprsm nt st uncntrld,ICD9CM-V32
8,25022,dmii hprosmlr uncontrold,ICD9CM-V32
8,25023,dmi hprosmlr uncontrold,ICD9CM-V32
8,2503,diabetes with coma nec*,ICD9CM-V32
8,25030,dmii o cm nt st uncntrld,ICD9CM-V32
8,25031,dmi o cm nt st uncntrld,ICD9CM-V32
8,25032,dmii oth coma uncontrold,ICD9CM-V32
8,25033,dmi oth coma uncontrold,ICD9CM-V32
8,2504,diab w renal manifest*,ICD9CM-V32
8,25040,dmii renl nt st uncntrld,ICD9CM-V32
8,25041,dmi renl nt st uncntrld,ICD9CM-V32
8,25042,dmii renal uncntrld,ICD9CM-V32
8,25043,dmi renal uncntrld,ICD9CM-V32
8,2505,diab w ophthalmic manif*,ICD9CM-V32
8,25050,dmii ophth nt st uncntrl,ICD9CM-V32
8,25051,dmi ophth nt st uncntrld,ICD9CM-V32
8,25052,dmii ophth uncntrld,ICD9CM-V32
8,25053,dmi ophth uncntrld,ICD9CM-V32
8,2506,diab w neurologic manif*,ICD9CM-V32
8,25060,dmii neuro nt st uncntrl,ICD9CM-V32
8,25061,dmi neuro nt st uncntrld,ICD9CM-V32
8,25062,dmii neuro uncntrld,ICD9CM-V32
8,25063,dmi neuro uncntrld,ICD9CM-V32
8,2507,diabetes w circulat dis*,ICD9CM-V32
8,25070,dmii circ nt st uncntrld,ICD9CM-V32
8,25071,dmi circ nt st uncntrld,ICD9CM-V32
8,25072,dmii circ uncntrld,ICD9CM-V32
8,25073,dmi circ uncntrld,ICD9CM-V32
8,2508,diabetes w manifest nec*,ICD9CM-V32
8,25080,dmii oth nt st uncntrld,ICD9CM-V32
8,25081,dmi oth nt st uncntrld,ICD9CM-V32
8,25082,dmii oth uncntrld,ICD9CM-V32
8,25083,dmi oth uncntrld,ICD9CM-V32
8,2509,diabetes w complic nos*,ICD9CM-V32
8,25090,dmii unspf nt st uncntrl,ICD9CM-V32
8,25091,dmi unspf nt st uncntrld,ICD9CM-V32
8,25092,dmii unspf uncntrld,ICD9CM-V32
8,25093,dmi unspf uncntrld,ICD9CM-V32
8,251,oth pancreatic disorder*,ICD9CM-V32
8,2510,hypoglycemic coma,ICD9CM-V32
8,2511,oth spcf hypoglycemia,ICD9CM-V32
8,2512,hypoglycemia nos,ICD9CM-V32
8,2513,postsurg hypoinsulinemia,ICD9CM-V32
8,2514,abn secretion glucagon,ICD9CM-V32
8,2515,abnorm secretion gastrin,ICD9CM-V32
8,2518,pancreatic disorder nec,ICD9CM-V32
8,2519,pancreatic disorder nos,ICD9CM-V32
8,252,parathyroid disorder*,ICD9CM-V32
8,2520,hyperparathyroidism#,ICD9CM-V32
8,25200,hyperparathyroidism nos,ICD9CM-V32
8,25201,primary hyperparathyroid,ICD9CM-V32
8,25202,sec hyprprthyrd nonrenal,ICD9CM-V32
8,25208,hyperparathyroidism nec,ICD9CM-V32
8,2521,hypoparathyroidism,ICD9CM-V32
8,2528,parathyroid disorder nec,ICD9CM-V32
8,2529,parathyroid disorder nos,ICD9CM-V32
8,253,pituitary/hypothalm dis*,ICD9CM-V32
8,2530,acromegaly and gigantism,ICD9CM-V32
8,2531,ant pituit hyperfunc nec,ICD9CM-V32
8,2532,panhypopituitarism,ICD9CM-V32
8,2533,pituitary dwarfism,ICD9CM-V32
8,2534,anter pituitary dis nec,ICD9CM-V32
8,2535,diabetes insipidus,ICD9CM-V32
8,2536,neurohypophysis dis nec,ICD9CM-V32
8,2537,iatrogenic pituitary dis,ICD9CM-V32
8,2538,pituitary disorder nec,ICD9CM-V32
8,2539,pituitary disorder nos,ICD9CM-V32
8,254,diseases of thymus gland*,ICD9CM-V32
8,2540,persist hyperplas thymus,ICD9CM-V32
8,2541,abscess of thymus,ICD9CM-V32
8,2548,diseases of thymus nec,ICD9CM-V32
8,2549,disease of thymus nos,ICD9CM-V32
8,255,adrenal gland disorders*,ICD9CM-V32
8,2550,cushing's syndrome,ICD9CM-V32
8,2551,hyperaldosteronism#,ICD9CM-V32
8,25510,hyperaldosteronism nos,ICD9CM-V32
8,25511,glucrtcod-rem aldsternsm,ICD9CM-V32
8,25512,conn's syndrome,ICD9CM-V32
8,25513,bartter's syndrome,ICD9CM-V32
8,25514,secondry aldosternsm nec,ICD9CM-V32
8,2552,adrenogenital disorders,ICD9CM-V32
8,2553,corticoadren overact nec,ICD9CM-V32
8,2554,corticoadrenal insuffic#,ICD9CM-V32
8,25541,glucocorticoid deficient,ICD9CM-V32
8,25542,mineralcorticoid defcnt,ICD9CM-V32
8,2555,adrenal hypofunction nec,ICD9CM-V32
8,2556,medulloadrenal hyperfunc,ICD9CM-V32
8,2558,adrenal disorder nec,ICD9CM-V32
8,2559,adrenal disorder nos,ICD9CM-V32
8,256,ovarian dysfunction*,ICD9CM-V32
8,2560,hyperestrogenism,ICD9CM-V32
8,2561,ovarian hyperfunc nec,ICD9CM-V32
8,2562,postablativ ovarian fail,ICD9CM-V32
8,2563,ovarian failure nec*,ICD9CM-V32
8,25631,premature menopause,ICD9CM-V32
8,25639,ovarian failure nec,ICD9CM-V32
8,2564,polycystic ovaries,ICD9CM-V32
8,2568,ovarian dysfunction nec,ICD9CM-V32
8,2569,ovarian dysfunction nos,ICD9CM-V32
8,257,testicular dysfunction*,ICD9CM-V32
8,2570,testicular hyperfunction,ICD9CM-V32
8,2571,postablat testic hypofun,ICD9CM-V32
8,2572,testicular hypofunc nec,ICD9CM-V32
8,2578,testicular dysfunct nec,ICD9CM-V32
8,2579,testicular dysfunct nos,ICD9CM-V32
8,258,polyglandular dysfunct*,ICD9CM-V32
8,2580,wermer's syndrome#,ICD9CM-V32
8,25801,mult endo neoplas type i,ICD9CM-V32
8,25802,mult endo neop type iia,ICD9CM-V32
8,25803,mult endo neop type iib,ICD9CM-V32
8,2581,comb endocr dysfunct nec,ICD9CM-V32
8,2588,polyglandul dysfunc nec,ICD9CM-V32
8,2589,polyglandul dysfunc nos,ICD9CM-V32
8,259,oth endorine disorders*,ICD9CM-V32
8,2590,delay sexual develop nec,ICD9CM-V32
8,2591,sexual precocity nec,ICD9CM-V32
8,2592,carcinoid syndrome,ICD9CM-V32
8,2593,ectopic hormone secr nec,ICD9CM-V32
8,2594,dwarfism nec,ICD9CM-V32
8,2595,androgen insensitvty syn#,ICD9CM-V32
8,25950,androgen insensitvty nos,ICD9CM-V32
8,25951,androgen insensitvty syn,ICD9CM-V32
8,25952,part androgen insnsitvty,ICD9CM-V32
8,2598,endocrine disorders nec,ICD9CM-V32
8,2599,endocrine disorder nos,ICD9CM-V32
9,270,dis amin-acid metabolism*,ICD9CM-V32
9,2700,amino-acid transport dis,ICD9CM-V32
9,2701,phenylketonuria - pku,ICD9CM-V32
9,2702,arom amin-acid metab nec,ICD9CM-V32
9,2703,bran-chain amin-acid dis,ICD9CM-V32
9,2704,sulph amino-acid met dis,ICD9CM-V32
9,2705,dis histidine metabolism,ICD9CM-V32
9,2706,dis urea cycle metabol,ICD9CM-V32
9,2707,straig amin-acid met nec,ICD9CM-V32
9,2708,dis amino-acid metab nec,ICD9CM-V32
9,2709,dis amino-acid metab nos,ICD9CM-V32
9,271,dis carbohydrate metabol*,ICD9CM-V32
9,2710,glycogenosis,ICD9CM-V32
9,2711,galactosemia,ICD9CM-V32
9,2712,hered fructose intoleran,ICD9CM-V32
9,2713,disaccharidase def/malab,ICD9CM-V32
9,2714,renal glycosuria,ICD9CM-V32
9,2718,dis carbohydr metab nec,ICD9CM-V32
9,2719,dis carbohydr metab nos,ICD9CM-V32
9,272,dis of lipoid metabolism*,ICD9CM-V32
9,2720,pure hypercholesterolem,ICD9CM-V32
9,2721,pure hyperglyceridemia,ICD9CM-V32
9,2722,mixed hyperlipidemia,ICD9CM-V32
9,2723,hyperchylomicronemia,ICD9CM-V32
9,2724,hyperlipidemia nec/nos,ICD9CM-V32
9,2725,lipoprotein deficiencies,ICD9CM-V32
9,2726,lipodystrophy,ICD9CM-V32
9,2727,lipidoses,ICD9CM-V32
9,2728,lipoid metabol dis nec,ICD9CM-V32
9,2729,lipoid metabol dis nos,ICD9CM-V32
9,273,dis plasma protein metab*,ICD9CM-V32
9,2730,polyclon hypergammaglobu,ICD9CM-V32
9,2731,monoclon paraproteinemia,ICD9CM-V32
9,2732,paraproteinemia nec,ICD9CM-V32
9,2733,macroglobulinemia,ICD9CM-V32
9,2734,alpha-1-antitrypsin def,ICD9CM-V32
9,2738,dis plas protein met nec,ICD9CM-V32
9,2739,dis plas protein met nos,ICD9CM-V32
9,274,gout*,ICD9CM-V32
9,2740,gouty arthropathy#,ICD9CM-V32
9,27400,gouty arthropathy nos,ICD9CM-V32
9,27401,acute gouty arthropathy,ICD9CM-V32
9,27402,chr gouty atrph wo tophi,ICD9CM-V32
9,27403,chr gouty atroph w tophi,ICD9CM-V32
9,2741,gouty nephropathy*,ICD9CM-V32
9,27410,gouty nephropathy nos,ICD9CM-V32
9,27411,uric acid nephrolithias,ICD9CM-V32
9,27419,gouty nephropathy nec,ICD9CM-V32
9,2748,gout w oth manifestation*,ICD9CM-V32
9,27481,gouty tophi of ear,ICD9CM-V32
9,27482,gouty tophi site nec,ICD9CM-V32
9,27489,gout w manifestation nec,ICD9CM-V32
9,2749,gout nos,ICD9CM-V32
9,275,dis mineral metabolism*,ICD9CM-V32
9,2750,dis iron metabolism#,ICD9CM-V32
9,27501,heredit hemochromatosis,ICD9CM-V32
9,27502,hemochromatos-rbc trans,ICD9CM-V32
9,27503,hemochromatosis nec,ICD9CM-V32
9,27509,disord iron metablsm nec,ICD9CM-V32
9,2751,dis copper metabolism,ICD9CM-V32
9,2752,dis magnesium metabolism,ICD9CM-V32
9,2753,dis phosphorus metabol,ICD9CM-V32
9,2754,dis calcium metabolism*,ICD9CM-V32
9,27540,dis calcium metablsm nos,ICD9CM-V32
9,27541,hypocalcemia,ICD9CM-V32
9,27542,hypercalcemia,ICD9CM-V32
9,27549,dis calcium metablsm nec,ICD9CM-V32
9,2755,hungry bone syndrome,ICD9CM-V32
9,2758,dis mineral metabol nec,ICD9CM-V32
9,2759,dis mineral metabol nos,ICD9CM-V32
9,276,fluid/electrolyte dis*,ICD9CM-V32
9,2760,hyperosmolality,ICD9CM-V32
9,2761,hyposmolality,ICD9CM-V32
9,2762,acidosis,ICD9CM-V32
9,2763,alkalosis,ICD9CM-V32
9,2764,mixed acid-base bal dis,ICD9CM-V32
9,2765,hypovolemia#,ICD9CM-V32
9,27650,volume depletion nos,ICD9CM-V32
9,27651,dehydration,ICD9CM-V32
9,27652,hypovolemia,ICD9CM-V32
9,2766,fluid overload#,ICD9CM-V32
9,27661,transfsn w circ overload,ICD9CM-V32
9,27669,fluid overload nec,ICD9CM-V32
9,2767,hyperpotassemia,ICD9CM-V32
9,2768,hypopotassemia,ICD9CM-V32
9,2769,electrolyt/fluid dis nec,ICD9CM-V32
9,277,metabolism dis nec/nos*,ICD9CM-V32
9,2770,cystic fibrosis*,ICD9CM-V32
9,27700,cystic fibros w/o ileus,ICD9CM-V32
9,27701,cystic fibrosis w ileus,ICD9CM-V32
9,27702,cystic fibros w pul man,ICD9CM-V32
9,27703,cystic fibrosis w gi man,ICD9CM-V32
9,27709,cystic fibrosis nec,ICD9CM-V32
9,2771,dis porphyrin metabolism,ICD9CM-V32
9,2772,purine/pyrimid dis nec,ICD9CM-V32
9,2773,amyloidosis#,ICD9CM-V32
9,27730,amyloidosis nos,ICD9CM-V32
9,27731,fam mediterranean fever,ICD9CM-V32
9,27739,amyloidosis nec,ICD9CM-V32
9,2774,dis bilirubin excretion,ICD9CM-V32
9,2775,mucopolysaccharidosis,ICD9CM-V32
9,2776,defic circul enzyme nec,ICD9CM-V32
9,2777,dysmetabolic syndrome x,ICD9CM-V32
9,2778,metabolism disorder nec#,ICD9CM-V32
9,27781,primary carnitine defncy,ICD9CM-V32
9,27782,crnitne def d/t nb met,ICD9CM-V32
9,27783,iatrogenic carnitine def,ICD9CM-V32
9,27784,sec carnitine defncy nec,ICD9CM-V32
9,27785,disorders acid oxidation,ICD9CM-V32
9,27786,peroxisomal disorders,ICD9CM-V32
9,27787,dis mitochondrial metab,ICD9CM-V32
9,27788,tumor lysis syndrome,ICD9CM-V32
9,27789,metabolism disorder nec,ICD9CM-V32
9,2779,metabolism disorder nos,ICD9CM-V32
9,278,obesity/hyperaliment*,ICD9CM-V32
9,2780,obesity*,ICD9CM-V32
9,27800,obesity nos,ICD9CM-V32
9,27801,morbid obesity,ICD9CM-V32
9,27802,overweight,ICD9CM-V32
9,27803,obesity hypovent synd,ICD9CM-V32
9,2781,localized adiposity,ICD9CM-V32
9,2782,hypervitaminosis a,ICD9CM-V32
9,2783,hypercarotinemia,ICD9CM-V32
9,2784,hypervitaminosis d,ICD9CM-V32
9,2788,other hyperalimentation,ICD9CM-V32
9,279,dis immune mechanism*,ICD9CM-V32
9,2790,defic humoral immunity*,ICD9CM-V32
9,27900,hypogammaglobulinem nos,ICD9CM-V32
9,27901,selective iga immunodef,ICD9CM-V32
9,27902,selective igm immunodef,ICD9CM-V32
9,27903,selective ig defic nec,ICD9CM-V32
9,27904,cong hypogammaglobulinem,ICD9CM-V32
9,27905,immunodefic w hyper-igm,ICD9CM-V32
9,27906,common variabl immunodef,ICD9CM-V32
9,27909,humoral immunity def nec,ICD9CM-V32
9,2791,defic cellular immunity*,ICD9CM-V32
9,27910,immundef t-cell def nos,ICD9CM-V32
9,27911,digeorge's syndrome,ICD9CM-V32
9,27912,wiskott-aldrich syndrome,ICD9CM-V32
9,27913,nezelof's syndrome,ICD9CM-V32
9,27919,defic cell immunity nos,ICD9CM-V32
9,2792,combined immunity defic,ICD9CM-V32
9,2793,immunity deficiency nos,ICD9CM-V32
9,2794,autoimmune disease nec#,ICD9CM-V32
9,27941,autoimmun lymphprof synd,ICD9CM-V32
9,27949,autoimmune disease nec,ICD9CM-V32
9,2795,*,ICD9CM-V32
9,27950,graft-versus-host nos,ICD9CM-V32
9,27951,ac graft-versus-host dis,ICD9CM-V32
9,27952,chronc graft-vs-host dis,ICD9CM-V32
9,27953,ac on chrn grft-vs-host,ICD9CM-V32
9,2798,immune mechanism dis nec,ICD9CM-V32
9,2799,immune mechanism dis nos,ICD9CM-V32
10,285,anemia nec/nos*,ICD9CM-V32
10,2850,sideroblastic anemia,ICD9CM-V32
10,2851,ac posthemorrhag anemia,ICD9CM-V32
10,2852,*,ICD9CM-V32
10,28521,anemia in chr kidney dis,ICD9CM-V32
10,28522,anemia in neoplastic dis,ICD9CM-V32
10,28529,anemia-other chronic dis,ICD9CM-V32
10,2853,anemia d/t antineo chemo,ICD9CM-V32
10,2858,anemia nec,ICD9CM-V32
10,2859,anemia nos,ICD9CM-V32
11,287,purpura & oth hemor cond*,ICD9CM-V32
11,2870,allergic purpura,ICD9CM-V32
11,2871,thrombocytopathy,ICD9CM-V32
11,2872,purpura nos,ICD9CM-V32
11,2873,primary thrombocytopenia#,ICD9CM-V32
11,28730,prim thrombocytopen nos,ICD9CM-V32
11,28731,immune thrombocyt purpra,ICD9CM-V32
11,28732,evans' syndrome,ICD9CM-V32
11,28733,cong/herid thromb purpra,ICD9CM-V32
11,28739,prim thrombocytopen nec,ICD9CM-V32
11,2874,second thrombocytopenia#,ICD9CM-V32
11,28741,posttransfusion purpura,ICD9CM-V32
11,28749,sec thrombocytpenia nec,ICD9CM-V32
11,2875,thrombocytopenia nos,ICD9CM-V32
11,2878,hemorrhagic cond nec,ICD9CM-V32
11,2879,hemorrhagic cond nos,ICD9CM-V32
12,288,wbc disorders*,ICD9CM-V32
12,2880,agranulocytosis#,ICD9CM-V32
12,28800,neutropenia nos,ICD9CM-V32
12,28801,congenital neutropenia,ICD9CM-V32
12,28802,cyclic neutropenia,ICD9CM-V32
12,28803,drug induced neutropenia,ICD9CM-V32
12,28804,neutropenia d/t infectn,ICD9CM-V32
12,28809,neutropenia nec,ICD9CM-V32
12,2881,function dis neutrophils,ICD9CM-V32
12,2882,genetic anomaly leukocyt,ICD9CM-V32
12,2883,eosinophilia,ICD9CM-V32
12,2884,hemophagocytic syndromes,ICD9CM-V32
12,2885,*,ICD9CM-V32
12,28850,leukocytopenia nos,ICD9CM-V32
12,28851,lymphocytopenia,ICD9CM-V32
12,28859,decreased wbc count nec,ICD9CM-V32
12,2886,*,ICD9CM-V32
12,28860,leukocytosis nos,ICD9CM-V32
12,28861,lymphocytosis-symptomatc,ICD9CM-V32
12,28862,leukemoid reaction,ICD9CM-V32
12,28863,monocytosis-symptomatic,ICD9CM-V32
12,28864,plasmacytosis,ICD9CM-V32
12,28865,basophilia,ICD9CM-V32
12,28866,bandemia,ICD9CM-V32
12,28869,elevated wbc count nec,ICD9CM-V32
12,2888,wbc disease nec,ICD9CM-V32
12,2889,wbc disease nos,ICD9CM-V32
13,290,senile/presenile psychos*,ICD9CM-V32
13,2900,senile dementia uncomp,ICD9CM-V32
13,2901,presenile dementia*,ICD9CM-V32
13,29010,presenile dementia,ICD9CM-V32
13,29011,presenile delirium,ICD9CM-V32
13,29012,presenile delusion,ICD9CM-V32
13,29013,presenile depression,ICD9CM-V32
13,2902,senile delusion/depress*,ICD9CM-V32
13,29020,senile delusion,ICD9CM-V32
13,29021,senile depressive,ICD9CM-V32
13,2903,senile delirium,ICD9CM-V32
13,2904,arteriosclerot dementia*,ICD9CM-V32
13,29040,"vascular dementia,uncomp",ICD9CM-V32
13,29041,vasc dementia w delirium,ICD9CM-V32
13,29042,vasc dementia w delusion,ICD9CM-V32
13,29043,vasc dementia w depressn,ICD9CM-V32
13,2908,senile psychosis nec,ICD9CM-V32
13,2909,senile psychot cond nos,ICD9CM-V32
13,291,alcoholic psychoses*,ICD9CM-V32
13,2910,delirium tremens,ICD9CM-V32
13,2911,alcohol amnestic disordr,ICD9CM-V32
13,2912,alcohol persist dementia,ICD9CM-V32
13,2913,alcoh psy dis w hallucin,ICD9CM-V32
13,2914,pathologic alcohol intox,ICD9CM-V32
13,2915,alcoh psych dis w delus,ICD9CM-V32
13,2918,alcoholic psychosis nec*,ICD9CM-V32
13,29181,alcohol withdrawal,ICD9CM-V32
13,29182,alcoh induce sleep disor,ICD9CM-V32
13,29189,alcohol mental disor nec,ICD9CM-V32
13,2919,alcohol mental disor nos,ICD9CM-V32
13,292,drug psychoses*,ICD9CM-V32
13,2920,drug withdrawal,ICD9CM-V32
13,2921,drug paranoid/hallucinos*,ICD9CM-V32
13,29211,drug psych disor w delus,ICD9CM-V32
13,29212,drug psy dis w hallucin,ICD9CM-V32
13,2922,pathologic drug intox,ICD9CM-V32
13,2928,other drug mental dis*,ICD9CM-V32
13,29281,drug-induced delirium,ICD9CM-V32
13,29282,drug persisting dementia,ICD9CM-V32
13,29283,drug persist amnestc dis,ICD9CM-V32
13,29284,drug-induced mood disord,ICD9CM-V32
13,29285,drug induced sleep disor,ICD9CM-V32
13,29289,drug mental disorder nec,ICD9CM-V32
13,2929,drug mental disorder nos,ICD9CM-V32
13,293,transient org mental dis*,ICD9CM-V32
13,2930,delirium d/t other cond,ICD9CM-V32
13,2931,subacute delirium,ICD9CM-V32
13,2938,oth transient org mental*,ICD9CM-V32
13,29381,psy dis w delus oth dis,ICD9CM-V32
13,29382,psy dis w halluc oth dis,ICD9CM-V32
13,29383,mood disorder other dis,ICD9CM-V32
13,29384,anxiety disorder oth dis,ICD9CM-V32
13,29389,transient mental dis nec,ICD9CM-V32
13,2939,transient mental dis nos,ICD9CM-V32
13,294,other organic psych cond*,ICD9CM-V32
13,2940,amnestic disord oth dis,ICD9CM-V32
13,2941,dementia in oth diseases*,ICD9CM-V32
13,29410,dementia w/o behav dist,ICD9CM-V32
13,29411,dementia w behavior dist,ICD9CM-V32
13,2942,*,ICD9CM-V32
13,29420,demen nos w/o behv dstrb,ICD9CM-V32
13,29421,demen nos w behav distrb,ICD9CM-V32
13,2948,mental disor nec oth dis,ICD9CM-V32
13,2949,mental disor nos oth dis,ICD9CM-V32
14,295,schizophrenic disorders*,ICD9CM-V32
14,2950,simple schizophrenia*,ICD9CM-V32
14,29500,simpl schizophren-unspec,ICD9CM-V32
14,29501,simpl schizophren-subchr,ICD9CM-V32
14,29502,simple schizophren-chr,ICD9CM-V32
14,29503,simp schiz-subchr/exacer,ICD9CM-V32
14,29504,simpl schizo-chr/exacerb,ICD9CM-V32
14,29505,simpl schizophren-remiss,ICD9CM-V32
14,2951,hebephrenia*,ICD9CM-V32
14,29510,hebephrenia-unspec,ICD9CM-V32
14,29511,hebephrenia-subchronic,ICD9CM-V32
14,29512,hebephrenia-chronic,ICD9CM-V32
14,29513,hebephren-subchr/exacerb,ICD9CM-V32
14,29514,hebephrenia-chr/exacerb,ICD9CM-V32
14,29515,hebephrenia-remission,ICD9CM-V32
14,2952,catatonic schizophrenia*,ICD9CM-V32
14,29520,catatonia-unspec,ICD9CM-V32
14,29521,catatonia-subchronic,ICD9CM-V32
14,29522,catatonia-chronic,ICD9CM-V32
14,29523,catatonia-subchr/exacerb,ICD9CM-V32
14,29524,catatonia-chr/exacerb,ICD9CM-V32
14,29525,catatonia-remission,ICD9CM-V32
14,2953,paranoid schizophrenia*,ICD9CM-V32
14,29530,paranoid schizo-unspec,ICD9CM-V32
14,29531,paranoid schizo-subchr,ICD9CM-V32
14,29532,paranoid schizo-chronic,ICD9CM-V32
14,29533,paran schizo-subchr/exac,ICD9CM-V32
14,29534,paran schizo-chr/exacerb,ICD9CM-V32
14,29535,paranoid schizo-remiss,ICD9CM-V32
14,2954,ac schizophrenic episode*,ICD9CM-V32
14,29540,schizophreniform dis nos,ICD9CM-V32
14,29541,schizophrenic dis-subchr,ICD9CM-V32
14,29542,schizophren dis-chronic,ICD9CM-V32
14,29543,schizo dis-subchr/exacer,ICD9CM-V32
14,29544,schizophr dis-chr/exacer,ICD9CM-V32
14,29545,schizophrenic dis-remiss,ICD9CM-V32
14,2955,latent schizophrenia*,ICD9CM-V32
14,29550,latent schizophren-unsp,ICD9CM-V32
14,29551,lat schizophren-subchr,ICD9CM-V32
14,29552,latent schizophren-chr,ICD9CM-V32
14,29553,lat schizo-subchr/exacer,ICD9CM-V32
14,29554,latent schizo-chr/exacer,ICD9CM-V32
14,29555,lat schizophren-remiss,ICD9CM-V32
14,2956,residual schizophrenia*,ICD9CM-V32
14,29560,schizophr dis resid nos,ICD9CM-V32
14,29561,schizoph dis resid-subch,ICD9CM-V32
14,29562,schizophr dis resid-chr,ICD9CM-V32
14,29563,schizo resid subchr/exac,ICD9CM-V32
14,29564,schizoph resid-chro/exac,ICD9CM-V32
14,29565,schizoph dis resid-remis,ICD9CM-V32
14,2957,schizoaffective type*,ICD9CM-V32
14,29570,schizoaffective dis nos,ICD9CM-V32
14,29571,schizoaffectv dis-subchr,ICD9CM-V32
14,29572,schizoaffective dis-chr,ICD9CM-V32
14,29573,schizoaff dis-subch/exac,ICD9CM-V32
14,29574,schizoafftv dis-chr/exac,ICD9CM-V32
14,29575,schizoaffectve dis-remis,ICD9CM-V32
14,2958,schizophrenia nec*,ICD9CM-V32
14,29580,schizophrenia nec-unspec,ICD9CM-V32
14,29581,schizophrenia nec-subchr,ICD9CM-V32
14,29582,schizophrenia nec-chr,ICD9CM-V32
14,29583,schizo nec-subchr/exacer,ICD9CM-V32
14,29584,schizo nec-chr/exacerb,ICD9CM-V32
14,29585,schizophrenia nec-remiss,ICD9CM-V32
14,2959,schizophrenia nos*,ICD9CM-V32
14,29590,schizophrenia nos-unspec,ICD9CM-V32
14,29591,schizophrenia nos-subchr,ICD9CM-V32
14,29592,schizophrenia nos-chr,ICD9CM-V32
14,29593,schizo nos-subchr/exacer,ICD9CM-V32
14,29594,schizo nos-chr/exacerb,ICD9CM-V32
14,29595,schizophrenia nos-remiss,ICD9CM-V32
14,296,affective psychoses*,ICD9CM-V32
14,2960,"manic dis, singl episode*",ICD9CM-V32
14,29600,bipol i single manic nos,ICD9CM-V32
14,29601,bipol i single manc-mild,ICD9CM-V32
14,29602,bipol i single manic-mod,ICD9CM-V32
14,29603,bipol i sing-sev w/o psy,ICD9CM-V32
14,29604,bipo i sin man-sev w psy,ICD9CM-V32
14,29605,bipol i sing man rem nos,ICD9CM-V32
14,29606,bipol i single manic rem,ICD9CM-V32
14,2961,"manic, recurrent episode*",ICD9CM-V32
14,29610,recur manic dis-unspec,ICD9CM-V32
14,29611,recur manic dis-mild,ICD9CM-V32
14,29612,recur manic dis-mod,ICD9CM-V32
14,29613,recur manic dis-severe,ICD9CM-V32
14,29614,recur manic-sev w psycho,ICD9CM-V32
14,29615,recur manic-part remiss,ICD9CM-V32
14,29616,recur manic-full remiss,ICD9CM-V32
14,2962,"depr psych, singl episod*",ICD9CM-V32
14,29620,depress psychosis-unspec,ICD9CM-V32
14,29621,depress psychosis-mild,ICD9CM-V32
14,29622,depressive psychosis-mod,ICD9CM-V32
14,29623,depress psychosis-severe,ICD9CM-V32
14,29624,depr psychos-sev w psych,ICD9CM-V32
14,29625,depr psychos-part remiss,ICD9CM-V32
14,29626,depr psychos-full remiss,ICD9CM-V32
14,2963,"depr psych, recur episod*",ICD9CM-V32
14,29630,recurr depr psychos-unsp,ICD9CM-V32
14,29631,recurr depr psychos-mild,ICD9CM-V32
14,29632,recurr depr psychos-mod,ICD9CM-V32
14,29633,recur depr psych-severe,ICD9CM-V32
14,29634,rec depr psych-psychotic,ICD9CM-V32
14,29635,recur depr psyc-part rem,ICD9CM-V32
14,29636,recur depr psyc-full rem,ICD9CM-V32
14,2964,"bipolar affective, manic*",ICD9CM-V32
14,29640,bipol i currnt manic nos,ICD9CM-V32
14,29641,bipol i curnt manic-mild,ICD9CM-V32
14,29642,bipol i currnt manic-mod,ICD9CM-V32
14,29643,bipol i manc-sev w/o psy,ICD9CM-V32
14,29644,bipol i manic-sev w psy,ICD9CM-V32
14,29645,bipol i cur man part rem,ICD9CM-V32
14,29646,bipol i cur man full rem,ICD9CM-V32
14,2965,"bipolar affect, depress*",ICD9CM-V32
14,29650,bipol i cur depres nos,ICD9CM-V32
14,29651,bipol i cur depress-mild,ICD9CM-V32
14,29652,bipol i cur depress-mod,ICD9CM-V32
14,29653,bipol i curr dep w/o psy,ICD9CM-V32
14,29654,bipol i currnt dep w psy,ICD9CM-V32
14,29655,bipol i cur dep rem nos,ICD9CM-V32
14,29656,bipol i currnt dep remis,ICD9CM-V32
14,2966,"bipolar affective, mixed*",ICD9CM-V32
14,29660,bipol i currnt mixed nos,ICD9CM-V32
14,29661,bipol i currnt mix-mild,ICD9CM-V32
14,29662,bipol i currnt mixed-mod,ICD9CM-V32
14,29663,bipol i cur mix w/o psy,ICD9CM-V32
14,29664,bipol i cur mixed w psy,ICD9CM-V32
14,29665,bipol i cur mix-part rem,ICD9CM-V32
14,29666,bipol i cur mixed remiss,ICD9CM-V32
14,2967,bipolor i current nos,ICD9CM-V32
14,2968,manic-depressive nec/nos*,ICD9CM-V32
14,29680,bipolar disorder nos,ICD9CM-V32
14,29681,atypical manic disorder,ICD9CM-V32
14,29682,atypical depressive dis,ICD9CM-V32
14,29689,bipolar disorder nec,ICD9CM-V32
14,2969,affect psychoses nec/nos*,ICD9CM-V32
14,29690,episodic mood disord nos,ICD9CM-V32
14,29699,episodic mood disord nec,ICD9CM-V32
14,297,paranoid states*,ICD9CM-V32
14,2970,"paranoid state, simple",ICD9CM-V32
14,2971,delusional disorder,ICD9CM-V32
14,2972,paraphrenia,ICD9CM-V32
14,2973,shared psychotic disord,ICD9CM-V32
14,2978,paranoid states nec,ICD9CM-V32
14,2979,paranoid state nos,ICD9CM-V32
14,298,oth nonorganic psychoses*,ICD9CM-V32
14,2980,react depress psychosis,ICD9CM-V32
14,2981,excitativ type psychosis,ICD9CM-V32
14,2982,reactive confusion,ICD9CM-V32
14,2983,acute paranoid reaction,ICD9CM-V32
14,2984,psychogen paranoid psych,ICD9CM-V32
14,2988,react psychosis nec/nos,ICD9CM-V32
14,2989,psychosis nos,ICD9CM-V32
14,299,psychoses of childhood*,ICD9CM-V32
14,2990,infantile autism*,ICD9CM-V32
14,29900,autistic disord-current,ICD9CM-V32
14,29901,autistic disord-residual,ICD9CM-V32
14,2991,disintegrative psychosis*,ICD9CM-V32
14,29910,childhd disintegr-active,ICD9CM-V32
14,29911,childhd disintegr-resid,ICD9CM-V32
14,2998,early chld psychoses nec*,ICD9CM-V32
14,29980,pervasv dev dis-cur nec,ICD9CM-V32
14,29981,pervasv dev dis-res nec,ICD9CM-V32
14,2999,early chld psychosis nos*,ICD9CM-V32
14,29990,pervasv dev dis-cur nos,ICD9CM-V32
14,29991,pervasv dev dis-res nos,ICD9CM-V32
15,300,neurotic disorders*,ICD9CM-V32
15,3000,anxiety states*,ICD9CM-V32
15,30000,anxiety state nos,ICD9CM-V32
15,30001,panic dis w/o agorphobia,ICD9CM-V32
15,30002,generalized anxiety dis,ICD9CM-V32
15,30009,anxiety state nec,ICD9CM-V32
15,3001,hysteria*,ICD9CM-V32
15,30010,hysteria nos,ICD9CM-V32
15,30011,conversion disorder,ICD9CM-V32
15,30012,dissociative amnesia,ICD9CM-V32
15,30013,dissociative fugue,ICD9CM-V32
15,30014,dissociatve identity dis,ICD9CM-V32
15,30015,dissociative react nos,ICD9CM-V32
15,30016,factitious dis w symptom,ICD9CM-V32
15,30019,factitious ill nec/nos,ICD9CM-V32
15,3002,phobic disorders*,ICD9CM-V32
15,30020,phobia nos,ICD9CM-V32
15,30021,agoraphobia w panic dis,ICD9CM-V32
15,30022,agoraphobia w/o panic,ICD9CM-V32
15,30023,social phobia,ICD9CM-V32
15,30029,isolated/spec phobia nec,ICD9CM-V32
15,3003,obsessive-compulsive dis,ICD9CM-V32
15,3004,dysthymic disorder,ICD9CM-V32
15,3005,neurasthenia,ICD9CM-V32
15,3006,depersonalization disord,ICD9CM-V32
15,3007,hypochondriasis,ICD9CM-V32
15,3008,neurotic disorders nec*,ICD9CM-V32
15,30081,somatization disorder,ICD9CM-V32
15,30082,undiff somatoform disrdr,ICD9CM-V32
15,30089,somatoform disorders nec,ICD9CM-V32
15,3009,nonpsychotic disord nos,ICD9CM-V32
15,301,personality disorders*,ICD9CM-V32
15,3010,paranoid personality,ICD9CM-V32
15,3011,affective personality*,ICD9CM-V32
15,30110,affectiv personality nos,ICD9CM-V32
15,30111,chronic hypomanic person,ICD9CM-V32
15,30112,chr depressive person,ICD9CM-V32
15,30113,cyclothymic disorder,ICD9CM-V32
15,3012,schizoid personality*,ICD9CM-V32
15,30120,schizoid personality nos,ICD9CM-V32
15,30121,introverted personality,ICD9CM-V32
15,30122,schizotypal person dis,ICD9CM-V32
15,3013,explosive personality,ICD9CM-V32
15,3014,obsessive-compulsive dis,ICD9CM-V32
15,3015,histrionic personality*,ICD9CM-V32
15,30150,histrionic person nos,ICD9CM-V32
15,30151,chr factitious illness,ICD9CM-V32
15,30159,histrionic person nec,ICD9CM-V32
15,3016,dependent personality,ICD9CM-V32
15,3017,antisocial personality,ICD9CM-V32
15,3018,other personality dis*,ICD9CM-V32
15,30181,narcissistic personality,ICD9CM-V32
15,30182,avoidant personality dis,ICD9CM-V32
15,30183,borderline personality,ICD9CM-V32
15,30184,passive-aggressiv person,ICD9CM-V32
15,30189,personality disorder nec,ICD9CM-V32
15,3019,personality disorder nos,ICD9CM-V32
15,302,sexual disorders*,ICD9CM-V32
15,3020,ego-dystonic sex orient,ICD9CM-V32
15,3021,zoophilia,ICD9CM-V32
15,3022,pedophilia,ICD9CM-V32
15,3023,transvestic fetishism,ICD9CM-V32
15,3024,exhibitionism,ICD9CM-V32
15,3025,trans-sexualism*,ICD9CM-V32
15,30250,trans-sexualism nos,ICD9CM-V32
15,30251,"trans-sexualism, asexual",ICD9CM-V32
15,30252,"trans-sexual, homosexual",ICD9CM-V32
15,30253,"trans-sex, heterosexual",ICD9CM-V32
15,3026,gendr identity dis-child,ICD9CM-V32
15,3027,psychosexual dysfunction*,ICD9CM-V32
15,30270,psychosexual dysfunc nos,ICD9CM-V32
15,30271,hypoactive sex desire,ICD9CM-V32
15,30272,inhibited sex excitement,ICD9CM-V32
15,30273,female orgasmic disorder,ICD9CM-V32
15,30274,male orgasmic disorder,ICD9CM-V32
15,30275,premature ejaculation,ICD9CM-V32
15,30276,"dyspareunia,psychogenic",ICD9CM-V32
15,30279,psychosexual dysfunc nec,ICD9CM-V32
15,3028,psychosexual dis nec*,ICD9CM-V32
15,30281,fetishism,ICD9CM-V32
15,30282,voyeurism,ICD9CM-V32
15,30283,sexual masochism,ICD9CM-V32
15,30284,sexual sadism,ICD9CM-V32
15,30285,"gend iden dis,adol/adult",ICD9CM-V32
15,30289,psychosexual dis nec,ICD9CM-V32
15,3029,psychosexual dis nos,ICD9CM-V32
15,303,alcohol dependence syndr*,ICD9CM-V32
15,3030,ac alcohol intoxication*,ICD9CM-V32
15,30300,ac alcohol intox-unspec,ICD9CM-V32
15,30301,ac alcohol intox-contin,ICD9CM-V32
15,30302,ac alcohol intox-episod,ICD9CM-V32
15,30303,ac alcohol intox-remiss,ICD9CM-V32
15,3039,alcohol depend nec/nos*,ICD9CM-V32
15,30390,alcoh dep nec/nos-unspec,ICD9CM-V32
15,30391,alcoh dep nec/nos-contin,ICD9CM-V32
15,30392,alcoh dep nec/nos-episod,ICD9CM-V32
15,30393,alcoh dep nec/nos-remiss,ICD9CM-V32
15,304,drug dependence*,ICD9CM-V32
15,3040,opioid type dependence*,ICD9CM-V32
15,30400,opioid dependence-unspec,ICD9CM-V32
15,30401,opioid dependence-contin,ICD9CM-V32
15,30402,opioid dependence-episod,ICD9CM-V32
15,30403,opioid dependence-remiss,ICD9CM-V32
15,3041,barbiturate dependence*,ICD9CM-V32
15,30410,"sed,hyp,anxiolyt dep-nos",ICD9CM-V32
15,30411,"sed,hyp,anxiolyt dep-con",ICD9CM-V32
15,30412,"sed,hyp,anxiolyt dep-epi",ICD9CM-V32
15,30413,"sed,hyp,anxiolyt dep-rem",ICD9CM-V32
15,3042,cocaine dependence*,ICD9CM-V32
15,30420,cocaine depend-unspec,ICD9CM-V32
15,30421,cocaine depend-contin,ICD9CM-V32
15,30422,cocaine depend-episodic,ICD9CM-V32
15,30423,cocaine depend-remiss,ICD9CM-V32
15,3043,cannabis dependence*,ICD9CM-V32
15,30430,cannabis depend-unspec,ICD9CM-V32
15,30431,cannabis depend-contin,ICD9CM-V32
15,30432,cannabis depend-episodic,ICD9CM-V32
15,30433,cannabis depend-remiss,ICD9CM-V32
15,3044,amphetamine dependence*,ICD9CM-V32
15,30440,amphetamin depend-unspec,ICD9CM-V32
15,30441,amphetamin depend-contin,ICD9CM-V32
15,30442,amphetamin depend-episod,ICD9CM-V32
15,30443,amphetamin depend-remiss,ICD9CM-V32
15,3045,hallucinogen dependence*,ICD9CM-V32
15,30450,hallucinogen dep-unspec,ICD9CM-V32
15,30451,hallucinogen dep-contin,ICD9CM-V32
15,30452,hallucinogen dep-episod,ICD9CM-V32
15,30453,hallucinogen dep-remiss,ICD9CM-V32
15,3046,drug dependence nec*,ICD9CM-V32
15,30460,drug depend nec-unspec,ICD9CM-V32
15,30461,drug depend nec-contin,ICD9CM-V32
15,30462,drug depend nec-episodic,ICD9CM-V32
15,30463,drug depend nec-in rem,ICD9CM-V32
15,3047,opioid/other drug depend*,ICD9CM-V32
15,30470,opioid/other dep-unspec,ICD9CM-V32
15,30471,opioid/other dep-contin,ICD9CM-V32
15,30472,opioid/other dep-episod,ICD9CM-V32
15,30473,opioid/other dep-remiss,ICD9CM-V32
15,3048,comb drug dependence nec*,ICD9CM-V32
15,30480,comb drug dep nec-unspec,ICD9CM-V32
15,30481,comb drug dep nec-contin,ICD9CM-V32
15,30482,comb drug dep nec-episod,ICD9CM-V32
15,30483,comb drug dep nec-remiss,ICD9CM-V32
15,3049,drug dependence nos*,ICD9CM-V32
15,30490,drug depend nos-unspec,ICD9CM-V32
15,30491,drug depend nos-contin,ICD9CM-V32
15,30492,drug depend nos-episodic,ICD9CM-V32
15,30493,drug depend nos-remiss,ICD9CM-V32
15,305,nondependent drug abuse*,ICD9CM-V32
15,3050,alcohol abuse*,ICD9CM-V32
15,30500,alcohol abuse-unspec,ICD9CM-V32
15,30501,alcohol abuse-continuous,ICD9CM-V32
15,30502,alcohol abuse-episodic,ICD9CM-V32
15,30503,alcohol abuse-in remiss,ICD9CM-V32
15,3051,tobacco use disorder,ICD9CM-V32
15,3052,cannabis abuse*,ICD9CM-V32
15,30520,cannabis abuse-unspec,ICD9CM-V32
15,30521,cannabis abuse-contin,ICD9CM-V32
15,30522,cannabis abuse-episodic,ICD9CM-V32
15,30523,cannabis abuse-in remiss,ICD9CM-V32
15,3053,hallucinogen abuse*,ICD9CM-V32
15,30530,hallucinog abuse-unspec,ICD9CM-V32
15,30531,hallucinog abuse-contin,ICD9CM-V32
15,30532,hallucinog abuse-episod,ICD9CM-V32
15,30533,hallucinog abuse-remiss,ICD9CM-V32
15,3054,barbiturate abuse*,ICD9CM-V32
15,30540,"sed,hyp,anxiolytc ab-nos",ICD9CM-V32
15,30541,"sed,hyp,anxiolytc ab-con",ICD9CM-V32
15,30542,"sed,hyp,anxiolytc ab-epi",ICD9CM-V32
15,30543,"sed,hyp,anxiolytc ab-rem",ICD9CM-V32
15,3055,opioid abuse*,ICD9CM-V32
15,30550,opioid abuse-unspec,ICD9CM-V32
15,30551,opioid abuse-continuous,ICD9CM-V32
15,30552,opioid abuse-episodic,ICD9CM-V32
15,30553,opioid abuse-in remiss,ICD9CM-V32
15,3056,cocaine abuse*,ICD9CM-V32
15,30560,cocaine abuse-unspec,ICD9CM-V32
15,30561,cocaine abuse-continuous,ICD9CM-V32
15,30562,cocaine abuse-episodic,ICD9CM-V32
15,30563,cocaine abuse-in remiss,ICD9CM-V32
15,3057,amphetamine abuse*,ICD9CM-V32
15,30570,amphetamine abuse-unspec,ICD9CM-V32
15,30571,amphetamine abuse-contin,ICD9CM-V32
15,30572,amphetamine abuse-episod,ICD9CM-V32
15,30573,amphetamine abuse-remiss,ICD9CM-V32
15,3058,antidepressant abuse*,ICD9CM-V32
15,30580,antidepress abuse-unspec,ICD9CM-V32
15,30581,antidepress abuse-contin,ICD9CM-V32
15,30582,antidepress abuse-episod,ICD9CM-V32
15,30583,antidepress abuse-remiss,ICD9CM-V32
15,3059,drug abuse nec/nos*,ICD9CM-V32
15,30590,drug abuse nec-unspec,ICD9CM-V32
15,30591,drug abuse nec-contin,ICD9CM-V32
15,30592,drug abuse nec-episodic,ICD9CM-V32
15,30593,drug abuse nec-in remiss,ICD9CM-V32
15,306,psychophysiologic dis*,ICD9CM-V32
15,3060,psychogen musculskel dis,ICD9CM-V32
15,3061,psychogenic respir dis,ICD9CM-V32
15,3062,psychogen cardiovasc dis,ICD9CM-V32
15,3063,psychogenic skin disease,ICD9CM-V32
15,3064,psychogenic gi disease,ICD9CM-V32
15,3065,psychogenic gu disease*,ICD9CM-V32
15,30650,psychogenic gu dis nos,ICD9CM-V32
15,30651,psychogenic vaginismus,ICD9CM-V32
15,30652,psychogenic dysmenorrhea,ICD9CM-V32
15,30653,psychogenic dysuria,ICD9CM-V32
15,30659,psychogenic gu dis nec,ICD9CM-V32
15,3066,psychogen endocrine dis,ICD9CM-V32
15,3067,psychogenic sensory dis,ICD9CM-V32
15,3068,psychogenic disorder nec,ICD9CM-V32
15,3069,psychogenic disorder nos,ICD9CM-V32
15,307,special symptom nec*,ICD9CM-V32
15,3070,adult onset flncy disord,ICD9CM-V32
15,3071,anorexia nervosa,ICD9CM-V32
15,3072,tics*,ICD9CM-V32
15,30720,tic disorder nos,ICD9CM-V32
15,30721,transient tic disorder,ICD9CM-V32
15,30722,chr motor/vocal tic dis,ICD9CM-V32
15,30723,tourette's disorder,ICD9CM-V32
15,3073,stereotypic movement dis,ICD9CM-V32
15,3074,nonorganic sleep disord*,ICD9CM-V32
15,30740,nonorganic sleep dis nos,ICD9CM-V32
15,30741,transient insomnia,ICD9CM-V32
15,30742,persistent insomnia,ICD9CM-V32
15,30743,transient hypersomnia,ICD9CM-V32
15,30744,persistent hypersomnia,ICD9CM-V32
15,30745,nonorganic circadian rhy,ICD9CM-V32
15,30746,sleep arousal disorder,ICD9CM-V32
15,30747,sleep stage dysfunc nec,ICD9CM-V32
15,30748,repetit sleep intrusion,ICD9CM-V32
15,30749,nonorganic sleep dis nec,ICD9CM-V32
15,3075,eating disorders nec/nos*,ICD9CM-V32
15,30750,eating disorder nos,ICD9CM-V32
15,30751,bulimia nervosa,ICD9CM-V32
15,30752,pica,ICD9CM-V32
15,30753,rumination disorder,ICD9CM-V32
15,30754,psychogenic vomiting,ICD9CM-V32
15,30759,eating disorder nec,ICD9CM-V32
15,3076,enuresis,ICD9CM-V32
15,3077,encopresis,ICD9CM-V32
15,3078,psychalgia*,ICD9CM-V32
15,30780,psychogenic pain nos,ICD9CM-V32
15,30781,tension headache,ICD9CM-V32
15,30789,psychogenic pain nec,ICD9CM-V32
15,3079,special symptom nec/nos,ICD9CM-V32
15,308,acute reaction to stress*,ICD9CM-V32
15,3080,"stress react, emotional",ICD9CM-V32
15,3081,"stress reaction, fugue",ICD9CM-V32
15,3082,"stress react, psychomot",ICD9CM-V32
15,3083,acute stress react nec,ICD9CM-V32
15,3084,"stress react, mixed dis",ICD9CM-V32
15,3089,acute stress react nos,ICD9CM-V32
15,309,adjustment reaction*,ICD9CM-V32
15,3090,adjustmnt dis w depressn,ICD9CM-V32
15,3091,prolong depressive react,ICD9CM-V32
15,3092,adjust react/oth emotion*,ICD9CM-V32
15,30921,separation anxiety,ICD9CM-V32
15,30922,emancipation disorder,ICD9CM-V32
15,30923,academic/work inhibition,ICD9CM-V32
15,30924,adjustment dis w anxiety,ICD9CM-V32
15,30928,adjust dis w anxiety/dep,ICD9CM-V32
15,30929,adj react-emotion nec,ICD9CM-V32
15,3093,adjust disor/dis conduct,ICD9CM-V32
15,3094,adj dis-emotion/conduct,ICD9CM-V32
15,3098,other adjust reaction*,ICD9CM-V32
15,30981,posttraumatic stress dis,ICD9CM-V32
15,30982,adjust react-phys sympt,ICD9CM-V32
15,30983,adjust react-withdrawal,ICD9CM-V32
15,30989,adjustment reaction nec,ICD9CM-V32
15,3099,adjustment reaction nos,ICD9CM-V32
15,310,nonpsychotic brain synd*,ICD9CM-V32
15,3100,frontal lobe syndrome,ICD9CM-V32
15,3101,personality chg oth dis,ICD9CM-V32
15,3102,postconcussion syndrome,ICD9CM-V32
15,3108,nonpsychot brain syn nec#,ICD9CM-V32
15,31081,pseudobulbar affect,ICD9CM-V32
15,31089,nonpsych mntl disord nec,ICD9CM-V32
15,3109,nonpsychot brain syn nos,ICD9CM-V32
15,311,depressive disorder nec,ICD9CM-V32
15,312,conduct disturbance nec*,ICD9CM-V32
15,3120,unsocialized aggression*,ICD9CM-V32
15,31200,unsocial aggress-unspec,ICD9CM-V32
15,31201,unsocial aggression-mild,ICD9CM-V32
15,31202,unsocial aggression-mod,ICD9CM-V32
15,31203,unsocial aggress-severe,ICD9CM-V32
15,3121,"unsocializ, unaggressive*",ICD9CM-V32
15,31210,unsocial unaggress-unsp,ICD9CM-V32
15,31211,unsocial unaggress-mild,ICD9CM-V32
15,31212,unsocial unaggress-mod,ICD9CM-V32
15,31213,unsocial unaggr-severe,ICD9CM-V32
15,3122,socialized conduct dis*,ICD9CM-V32
15,31220,social conduct dis-unsp,ICD9CM-V32
15,31221,social conduct dis-mild,ICD9CM-V32
15,31222,social conduct dis-mod,ICD9CM-V32
15,31223,social conduct dis-sev,ICD9CM-V32
15,3123,impulse control dis nec*,ICD9CM-V32
15,31230,impulse control dis nos,ICD9CM-V32
15,31231,pathological gambling,ICD9CM-V32
15,31232,kleptomania,ICD9CM-V32
15,31233,pyromania,ICD9CM-V32
15,31234,intermitt explosive dis,ICD9CM-V32
15,31235,isolated explosive dis,ICD9CM-V32
15,31239,impulse control dis nec,ICD9CM-V32
15,3124,mix dis conduct/emotion,ICD9CM-V32
15,3128,other conduct disturb*,ICD9CM-V32
15,31281,cndct dsrdr chldhd onst,ICD9CM-V32
15,31282,cndct dsrdr adlscnt onst,ICD9CM-V32
15,31289,other conduct disorder,ICD9CM-V32
15,3129,conduct disturbance nos,ICD9CM-V32
15,313,emotional dis child/adol*,ICD9CM-V32
15,3130,overanxious disorder,ICD9CM-V32
15,3131,misery & unhappiness dis,ICD9CM-V32
15,3132,sensitivity & withdrawal*,ICD9CM-V32
15,31321,shyness disorder-child,ICD9CM-V32
15,31322,introverted dis-child,ICD9CM-V32
15,31323,selective mutism,ICD9CM-V32
15,3133,relationship problems,ICD9CM-V32
15,3138,oth emotional dis child*,ICD9CM-V32
15,31381,opposition defiant disor,ICD9CM-V32
15,31382,identity disorder,ICD9CM-V32
15,31383,academic underachievment,ICD9CM-V32
15,31389,emotional dis child nec,ICD9CM-V32
15,3139,emotional dis child nos,ICD9CM-V32
15,314,hyperkinetic syndrome*,ICD9CM-V32
15,3140,attention deficit dis*,ICD9CM-V32
15,31400,attn defic nonhyperact,ICD9CM-V32
15,31401,attn deficit w hyperact,ICD9CM-V32
15,3141,hyperkinet w devel delay,ICD9CM-V32
15,3142,hyperkinetic conduct dis,ICD9CM-V32
15,3148,other hyperkinetic synd,ICD9CM-V32
15,3149,hyperkinetic synd nos,ICD9CM-V32
15,315,specific develop delays*,ICD9CM-V32
15,3150,specific reading dis*,ICD9CM-V32
15,31500,reading disorder nos,ICD9CM-V32
15,31501,alexia,ICD9CM-V32
15,31502,developmental dyslexia,ICD9CM-V32
15,31509,reading disorder nec,ICD9CM-V32
15,3151,mathematics disorder,ICD9CM-V32
15,3152,oth learning difficulty,ICD9CM-V32
15,3153,speech/language disorder*,ICD9CM-V32
15,31531,expressive language dis,ICD9CM-V32
15,31532,recp-expres language dis,ICD9CM-V32
15,31534,speech del d/t hear loss,ICD9CM-V32
15,31535,chldhd onset flncy disor,ICD9CM-V32
15,31539,speech/language dis nec,ICD9CM-V32
15,3154,devel coordination dis,ICD9CM-V32
15,3155,mixed development dis,ICD9CM-V32
15,3158,development delays nec,ICD9CM-V32
15,3159,development delay nos,ICD9CM-V32
15,316,psychic factor w oth dis,ICD9CM-V32
16,330,cerebral degen in child*,ICD9CM-V32
16,3300,leukodystrophy,ICD9CM-V32
16,3301,cerebral lipidoses,ICD9CM-V32
16,3302,cereb degen in lipidosis,ICD9CM-V32
16,3303,cerb deg chld in oth dis,ICD9CM-V32
16,3308,cereb degen in child nec,ICD9CM-V32
16,3309,cereb degen in child nos,ICD9CM-V32
16,331,cerebral degeneration*,ICD9CM-V32
16,3310,alzheimer's disease,ICD9CM-V32
16,3311,pick's disease#,ICD9CM-V32
16,33111,pick's disease,ICD9CM-V32
16,33119,frontotemp dementia nec,ICD9CM-V32
16,3312,senile degenerat brain,ICD9CM-V32
16,3313,communicat hydrocephalus,ICD9CM-V32
16,3314,obstructiv hydrocephalus,ICD9CM-V32
16,3315,norml pressure hydroceph,ICD9CM-V32
16,3316,corticobasal degneration,ICD9CM-V32
16,3317,cereb degen in oth dis,ICD9CM-V32
16,3318,cereb degeneration nec*,ICD9CM-V32
16,33181,reye's syndrome,ICD9CM-V32
16,33182,dementia w lewy bodies,ICD9CM-V32
16,33183,mild cognitive impairemt,ICD9CM-V32
16,33189,cereb degeneration nec,ICD9CM-V32
16,3319,cereb degeneration nos,ICD9CM-V32
16,332,parkinson's disease*,ICD9CM-V32
16,3320,paralysis agitans,ICD9CM-V32
16,3321,secondary parkinsonism,ICD9CM-V32
16,333,extrapyramidal dis nec*,ICD9CM-V32
16,3330,degen basal ganglia nec,ICD9CM-V32
16,3331,tremor nec,ICD9CM-V32
16,3332,myoclonus,ICD9CM-V32
16,3333,tics of organic origin,ICD9CM-V32
16,3334,huntington's chorea,ICD9CM-V32
16,3335,chorea nec,ICD9CM-V32
16,3336,genetic torsion dystonia,ICD9CM-V32
16,3337,symptom torsion dystonia#,ICD9CM-V32
16,33371,athetoid cerebral palsy,ICD9CM-V32
16,33372,acute dystonia d/t drugs,ICD9CM-V32
16,33379,acq torsion dystonia nec,ICD9CM-V32
16,3338,fragmnt torsion dystonia*,ICD9CM-V32
16,33381,blepharospasm,ICD9CM-V32
16,33382,orofacial dyskinesia,ICD9CM-V32
16,33383,spasmodic torticollis,ICD9CM-V32
16,33384,organic writers' cramp,ICD9CM-V32
16,33385,subac dyskinesa d/t drug,ICD9CM-V32
16,33389,fragm torsion dyston nec,ICD9CM-V32
16,3339,extrpyrmidal dis nec/nos*,ICD9CM-V32
16,33390,extrapyramidal dis nos,ICD9CM-V32
16,33391,stiff-man syndrome,ICD9CM-V32
16,33392,neuroleptic malgnt synd,ICD9CM-V32
16,33393,bnign shuddering attacks,ICD9CM-V32
16,33394,restless legs syndrome,ICD9CM-V32
16,33399,extrapyramidal dis nec,ICD9CM-V32
16,334,spinocerebellar disease*,ICD9CM-V32
16,3340,friedreich's ataxia,ICD9CM-V32
16,3341,hered spastic paraplegia,ICD9CM-V32
16,3342,primary cerebellar degen,ICD9CM-V32
16,3343,cerebellar ataxia nec,ICD9CM-V32
16,3344,cerebel atax in oth dis,ICD9CM-V32
16,3348,spinocerebellar dis nec,ICD9CM-V32
16,3349,spinocerebellar dis nos,ICD9CM-V32
16,335,ant horn cell disease*,ICD9CM-V32
16,3350,werdnig-hoffmann disease,ICD9CM-V32
16,3351,spinal muscular atrophy*,ICD9CM-V32
16,33510,spinal muscl atrophy nos,ICD9CM-V32
16,33511,kugelberg-welander dis,ICD9CM-V32
16,33519,spinal muscl atrophy nec,ICD9CM-V32
16,3352,motor neuron disease*,ICD9CM-V32
16,33520,amyotrophic sclerosis,ICD9CM-V32
16,33521,prog muscular atrophy,ICD9CM-V32
16,33522,progressive bulbar palsy,ICD9CM-V32
16,33523,pseudobulbar palsy,ICD9CM-V32
16,33524,prim lateral sclerosis,ICD9CM-V32
16,33529,motor neuron disease nec,ICD9CM-V32
16,3358,ant horn cell dis nec,ICD9CM-V32
16,3359,ant horn cell dis nos,ICD9CM-V32
16,336,spinal cord disease nec*,ICD9CM-V32
16,3360,syringomyelia,ICD9CM-V32
16,3361,vascular myelopathies,ICD9CM-V32
16,3362,comb deg cord in oth dis,ICD9CM-V32
16,3363,myelopathy in oth dis,ICD9CM-V32
16,3368,myelopathy nec,ICD9CM-V32
16,3369,spinal cord disease nos,ICD9CM-V32
16,337,autonomic nerve disorder*,ICD9CM-V32
16,3370,idiopath auto neuropathy#,ICD9CM-V32
16,33700,idio perph auto neur nos,ICD9CM-V32
16,33701,carotid sinus syndrome,ICD9CM-V32
16,33709,idio perph auto neur nec,ICD9CM-V32
16,3371,aut neuropthy in oth dis,ICD9CM-V32
16,3372,reflex sympth dystrophy*,ICD9CM-V32
16,33720,unsp rflx sympth dystrph,ICD9CM-V32
16,33721,rflx sym dystrph up limb,ICD9CM-V32
16,33722,rflx sym dystrph lwr lmb,ICD9CM-V32
16,33729,rflx sym dystrph oth st,ICD9CM-V32
16,3373,autonomic dysreflexia,ICD9CM-V32
16,3379,autonomic nerve dis nec,ICD9CM-V32
17,340,multiple sclerosis,ICD9CM-V32
17,341,other cns demyelination*,ICD9CM-V32
17,3410,neuromyelitis optica,ICD9CM-V32
17,3411,schilder's disease,ICD9CM-V32
17,3412,*,ICD9CM-V32
17,34120,acute myelitis nos,ICD9CM-V32
17,34121,acute myelitis oth cond,ICD9CM-V32
17,34122,idiopathc trans myelitis,ICD9CM-V32
17,3418,cns demyelination nec,ICD9CM-V32
17,3419,cns demyelination nos,ICD9CM-V32
17,342,hemiplegia*,ICD9CM-V32
17,3420,flaccid hemiplegia*,ICD9CM-V32
17,34200,flccd hmiplga unspf side,ICD9CM-V32
17,34201,flccd hmiplga domnt side,ICD9CM-V32
17,34202,flccd hmiplg nondmnt sde,ICD9CM-V32
17,3421,spastic hemiplegia*,ICD9CM-V32
17,34210,spstc hmiplga unspf side,ICD9CM-V32
17,34211,spstc hmiplga domnt side,ICD9CM-V32
17,34212,spstc hmiplg nondmnt sde,ICD9CM-V32
17,3428,*,ICD9CM-V32
17,34280,ot sp hmiplga unspf side,ICD9CM-V32
17,34281,ot sp hmiplga domnt side,ICD9CM-V32
17,34282,ot sp hmiplg nondmnt sde,ICD9CM-V32
17,3429,hemiplegia nos*,ICD9CM-V32
17,34290,unsp hemiplga unspf side,ICD9CM-V32
17,34291,unsp hemiplga domnt side,ICD9CM-V32
17,34292,unsp hmiplga nondmnt sde,ICD9CM-V32
17,343,infantile cerebral palsy*,ICD9CM-V32
17,3430,congenital diplegia,ICD9CM-V32
17,3431,congenital hemiplegia,ICD9CM-V32
17,3432,congenital quadriplegia,ICD9CM-V32
17,3433,congenital monoplegia,ICD9CM-V32
17,3434,infantile hemiplegia,ICD9CM-V32
17,3438,cerebral palsy nec,ICD9CM-V32
17,3439,cerebral palsy nos,ICD9CM-V32
17,344,oth paralytic syndromes*,ICD9CM-V32
17,3440,quadriplegia nos*,ICD9CM-V32
17,34400,"quadriplegia, unspecifd",ICD9CM-V32
17,34401,"quadrplg c1-c4, complete",ICD9CM-V32
17,34402,"quadrplg c1-c4, incomplt",ICD9CM-V32
17,34403,"quadrplg c5-c7, complete",ICD9CM-V32
17,34404,"quadrplg c5-c7, incomplt",ICD9CM-V32
17,34409,other quadriplegia,ICD9CM-V32
17,3441,paraplegia nos,ICD9CM-V32
17,3442,diplegia of upper limbs,ICD9CM-V32
17,3443,monoplegia of lower limb*,ICD9CM-V32
17,34430,monplga lwr lmb unsp sde,ICD9CM-V32
17,34431,monplga lwr lmb dmnt sde,ICD9CM-V32
17,34432,mnplg lwr lmb nondmnt sd,ICD9CM-V32
17,3444,monoplegia of upper limb*,ICD9CM-V32
17,34440,monplga upr lmb unsp sde,ICD9CM-V32
17,34441,monplga upr lmb dmnt sde,ICD9CM-V32
17,34442,mnplg upr lmb nondmnt sd,ICD9CM-V32
17,3445,monoplegia nos,ICD9CM-V32
17,3446,cauda equina syndrome*,ICD9CM-V32
17,34460,cauda equina synd nos,ICD9CM-V32
17,34461,neurogenic bladder,ICD9CM-V32
17,3448,paralytic syndromes nec*,ICD9CM-V32
17,34481,locked-in state,ICD9CM-V32
17,34489,oth spcf paralytic synd,ICD9CM-V32
17,3449,paralysis nos,ICD9CM-V32
17,345,epilepsy*,ICD9CM-V32
17,3450,gen nonconvuls epilepsy*,ICD9CM-V32
17,34500,gen noncv ep w/o intr ep,ICD9CM-V32
17,34501,gen nonconv ep w intr ep,ICD9CM-V32
17,3451,gen convulsive epilepsy*,ICD9CM-V32
17,34510,gen cnv epil w/o intr ep,ICD9CM-V32
17,34511,gen cnv epil w intr epil,ICD9CM-V32
17,3452,petit mal status,ICD9CM-V32
17,3453,grand mal status,ICD9CM-V32
17,3454,psychomotor epilepsy*,ICD9CM-V32
17,34540,psymotr epil w/o int epi,ICD9CM-V32
17,34541,psymotr epil w intr epil,ICD9CM-V32
17,3455,partial epilepsy nec*,ICD9CM-V32
17,34550,part epil w/o intr epil,ICD9CM-V32
17,34551,part epil w intr epil,ICD9CM-V32
17,3456,infantile spasms*,ICD9CM-V32
17,34560,inf spasm w/o intr epil,ICD9CM-V32
17,34561,inf spasm w intract epil,ICD9CM-V32
17,3457,epileps partial continua*,ICD9CM-V32
17,34570,epil par cont w/o int ep,ICD9CM-V32
17,34571,epil par cont w intr epi,ICD9CM-V32
17,3458,epilepsy nec*,ICD9CM-V32
17,34580,epilep nec w/o intr epil,ICD9CM-V32
17,34581,epilepsy nec w intr epil,ICD9CM-V32
17,3459,epilepsy nos*,ICD9CM-V32
17,34590,epilep nos w/o intr epil,ICD9CM-V32
17,34591,epilepsy nos w intr epil,ICD9CM-V32
17,346,migraine*,ICD9CM-V32
17,3460,classical migraine*,ICD9CM-V32
17,34600,mgrn w aura wo ntrc mgrn,ICD9CM-V32
17,34601,mgrn w aura w ntrc mgrn,ICD9CM-V32
17,34602,mgrn w aur wo ntrc mgrn,ICD9CM-V32
17,34603,mgrn w aura w ntrc mgrn,ICD9CM-V32
17,3461,common migraine*,ICD9CM-V32
17,34610,mgrn wo aura wo ntrc mgr,ICD9CM-V32
17,34611,mgrn wo aura w ntrc mgrn,ICD9CM-V32
17,34612,mgrn wo aura wo ntrc mgr,ICD9CM-V32
17,34613,mgrn wo aura w ntrc mgrn,ICD9CM-V32
17,3462,variants of migraine*,ICD9CM-V32
17,34620,vrnt mgrn wo ntr mgr nec,ICD9CM-V32
17,34621,vrnt mgrn w ntrc mgr nec,ICD9CM-V32
17,34622,var mgr nec wo ntc mgr,ICD9CM-V32
17,34623,var mgrn nec w ntrc mgr,ICD9CM-V32
17,3463,*,ICD9CM-V32
17,34630,hmplg mgr wo ntrc wo st,ICD9CM-V32
17,34631,hmplg mgrn w ntrc wo st,ICD9CM-V32
17,34632,hemplg mgr wo ntrc w st,ICD9CM-V32
17,34633,hmplg mgrn w ntrc w st,ICD9CM-V32
17,3464,*,ICD9CM-V32
17,34640,menst mgr wo ntrc wo st,ICD9CM-V32
17,34641,menstl mgrn w ntrc wo st,ICD9CM-V32
17,34642,menstl mgr wo ntrc w st,ICD9CM-V32
17,34643,menstl mgrn w ntrc w st,ICD9CM-V32
17,3465,*,ICD9CM-V32
17,34650,prst aura wo inf/ntr/st,ICD9CM-V32
17,34651,prs ara w ntr wo inf/st,ICD9CM-V32
17,34652,prs ara wo inf/ntr w st,ICD9CM-V32
17,34653,prs ara wo inf w ntr/st,ICD9CM-V32
17,3466,*,ICD9CM-V32
17,34660,prs ara w inf wo ntr/st,ICD9CM-V32
17,34661,prs ara w/inf/ntr wo st,ICD9CM-V32
17,34662,prs ara wo ntr w inf/st,ICD9CM-V32
17,34663,prst ara w inf w ntr/st,ICD9CM-V32
17,3467,*,ICD9CM-V32
17,34670,ch mgr wo ar wo nt wo st,ICD9CM-V32
17,34671,ch mgr wo ara w nt wo st,ICD9CM-V32
17,34672,ch mgr wo ara wo nt w st,ICD9CM-V32
17,34673,ch mgr wo ara w ntr w st,ICD9CM-V32
17,3468,migraine nec*,ICD9CM-V32
17,34680,othr migrne wo ntrc mgrn,ICD9CM-V32
17,34681,othr migrne w ntrc mgrne,ICD9CM-V32
17,34682,oth mgr wo ntrc w st mgr,ICD9CM-V32
17,34683,oth mgr w ntrc w st mgr,ICD9CM-V32
17,3469,migraine nos*,ICD9CM-V32
17,34690,migrne unsp wo ntrc mgrn,ICD9CM-V32
17,34691,mgrn unsp w ntrc mgr std,ICD9CM-V32
17,34692,mgr nos wo ntrc w st mgr,ICD9CM-V32
17,34693,mgrn nos w ntrc w st mgr,ICD9CM-V32
17,347,cataplexy and narcolepsy#,ICD9CM-V32
17,3470,*,ICD9CM-V32
17,34700,narcolepsy w/o cataplexy,ICD9CM-V32
17,34701,narcolepsy w cataplexy,ICD9CM-V32
17,3471,*,ICD9CM-V32
17,34710,narclpsy w/o cat oth dis,ICD9CM-V32
17,34711,narcolepsy w cat oth dis,ICD9CM-V32
17,348,other brain conditions*,ICD9CM-V32
17,3480,cerebral cysts,ICD9CM-V32
17,3481,anoxic brain damage,ICD9CM-V32
17,3482,pseudotumor cerebri,ICD9CM-V32
17,3483,encephalopathy nos#,ICD9CM-V32
17,34830,encephalopathy nos,ICD9CM-V32
17,34831,metabolic encephalopathy,ICD9CM-V32
17,34839,encephalopathy nec,ICD9CM-V32
17,3484,compression of brain,ICD9CM-V32
17,3485,cerebral edema,ICD9CM-V32
17,3488,brain conditions nec#,ICD9CM-V32
17,34881,temporal sclerosis,ICD9CM-V32
17,34882,brain death,ICD9CM-V32
17,34889,brain conditions nec,ICD9CM-V32
17,3489,brain condition nos,ICD9CM-V32
17,349,cns disorder nec/nos*,ICD9CM-V32
17,3490,lumbar puncture reaction,ICD9CM-V32
17,3491,complication cns device,ICD9CM-V32
17,3492,disorder of meninges nec,ICD9CM-V32
17,3493,*,ICD9CM-V32
17,34931,accid punc/op lac dura,ICD9CM-V32
17,34939,dural tear nec,ICD9CM-V32
17,3498,other cns disorders*,ICD9CM-V32
17,34981,cerebrospinal rhinorrhea,ICD9CM-V32
17,34982,toxic encephalopathy,ICD9CM-V32
17,34989,cns disorder nec,ICD9CM-V32
17,3499,cns disorder nos,ICD9CM-V32
18,350,trigeminal nerv disorder*,ICD9CM-V32
18,3501,trigeminal neuralgia,ICD9CM-V32
18,3502,atypical face pain,ICD9CM-V32
18,3508,trigeminal nerve dis nec,ICD9CM-V32
18,3509,trigeminal nerve dis nos,ICD9CM-V32
18,351,facial nerve disorders*,ICD9CM-V32
18,3510,bell's palsy,ICD9CM-V32
18,3511,geniculate ganglionitis,ICD9CM-V32
18,3518,facial nerve dis nec,ICD9CM-V32
18,3519,facial nerve dis nos,ICD9CM-V32
18,352,disorder cran nerve nec*,ICD9CM-V32
18,3520,olfactory nerve disorder,ICD9CM-V32
18,3521,glossopharyng neuralgia,ICD9CM-V32
18,3522,glossophar nerve dis nec,ICD9CM-V32
18,3523,pneumogastric nerve dis,ICD9CM-V32
18,3524,accessory nerve disorder,ICD9CM-V32
18,3525,hypoglossal nerve dis,ICD9CM-V32
18,3526,mult cranial nerve palsy,ICD9CM-V32
18,3529,cranial nerve dis nos,ICD9CM-V32
18,353,nerve root/plexus dis*,ICD9CM-V32
18,3530,brachial plexus lesions,ICD9CM-V32
18,3531,lumbosacral plex lesion,ICD9CM-V32
18,3532,cervical root lesion nec,ICD9CM-V32
18,3533,thoracic root lesion nec,ICD9CM-V32
18,3534,lumbsacral root les nec,ICD9CM-V32
18,3535,neuralgic amyotrophy,ICD9CM-V32
18,3536,phantom limb (syndrome),ICD9CM-V32
18,3538,nerv root/plexus dis nec,ICD9CM-V32
18,3539,nerv root/plexus dis nos,ICD9CM-V32
18,354,mononeuritis upper limb*,ICD9CM-V32
18,3540,carpal tunnel syndrome,ICD9CM-V32
18,3541,median nerve lesion nec,ICD9CM-V32
18,3542,ulnar nerve lesion,ICD9CM-V32
18,3543,radial nerve lesion,ICD9CM-V32
18,3544,causalgia upper limb,ICD9CM-V32
18,3545,mononeuritis multiplex,ICD9CM-V32
18,3548,mononeuritis arm nec,ICD9CM-V32
18,3549,mononeuritis arm nos,ICD9CM-V32
18,355,mononeuritis leg*,ICD9CM-V32
18,3550,sciatic nerve lesion,ICD9CM-V32
18,3551,meralgia paresthetica,ICD9CM-V32
18,3552,femoral nerve lesion nec,ICD9CM-V32
18,3553,lat popliteal nerve les,ICD9CM-V32
18,3554,med popliteal nerve les,ICD9CM-V32
18,3555,tarsal tunnel syndrome,ICD9CM-V32
18,3556,plantar nerve lesion,ICD9CM-V32
18,3557,mononeuritis leg nec*,ICD9CM-V32
18,35571,causalgia lower limb,ICD9CM-V32
18,35579,oth mononeur lower limb,ICD9CM-V32
18,3558,mononeuritis leg nos,ICD9CM-V32
18,3559,mononeuritis nos,ICD9CM-V32
18,356,hered periph neuropathy*,ICD9CM-V32
18,3560,hered periph neuropathy,ICD9CM-V32
18,3561,peroneal muscle atrophy,ICD9CM-V32
18,3562,hered sensory neuropathy,ICD9CM-V32
18,3563,refsum's disease,ICD9CM-V32
18,3564,idio prog polyneuropathy,ICD9CM-V32
18,3568,idio periph neurpthy nec,ICD9CM-V32
18,3569,idio periph neurpthy nos,ICD9CM-V32
18,357,inflam/toxic neuropathy*,ICD9CM-V32
18,3570,ac infect polyneuritis,ICD9CM-V32
18,3571,neurpthy in col vasc dis,ICD9CM-V32
18,3572,neuropathy in diabetes,ICD9CM-V32
18,3573,neuropathy in malig dis,ICD9CM-V32
18,3574,neuropathy in other dis,ICD9CM-V32
18,3575,alcoholic polyneuropathy,ICD9CM-V32
18,3576,neuropathy due to drugs,ICD9CM-V32
18,3577,neurpthy toxic agent nec,ICD9CM-V32
18,3578,inflam/tox neuropthy nec#,ICD9CM-V32
18,35781,chr inflam polyneuritis,ICD9CM-V32
18,35782,crit illness neuropathy,ICD9CM-V32
18,35789,inflam/tox neuropthy nec,ICD9CM-V32
18,3579,inflam/tox neuropthy nos,ICD9CM-V32
18,358,myoneural disorders*,ICD9CM-V32
18,3580,myasthenia gravis#,ICD9CM-V32
18,35800,mysthna grvs w/o ac exac,ICD9CM-V32
18,35801,myasthna gravs w ac exac,ICD9CM-V32
18,3581,myasthenia in oth dis,ICD9CM-V32
18,3582,toxic myoneural disorder,ICD9CM-V32
18,3583,*,ICD9CM-V32
18,35830,lambert-eaton synd nos,ICD9CM-V32
18,35831,lambert-eaton synd neopl,ICD9CM-V32
18,35839,lambert-eaton syn ot dis,ICD9CM-V32
18,3588,myoneural disorders nec,ICD9CM-V32
18,3589,myoneural disorders nos,ICD9CM-V32
18,359,muscular dystrophies*,ICD9CM-V32
18,3590,cong hered musc dystrphy,ICD9CM-V32
18,3591,hered prog musc dystrphy,ICD9CM-V32
18,3592,myotonic disorders#,ICD9CM-V32
18,35921,myotonic musclr dystrphy,ICD9CM-V32
18,35922,myotonia congenita,ICD9CM-V32
18,35923,myotonic chondrodystrphy,ICD9CM-V32
18,35924,drug induced myotonia,ICD9CM-V32
18,35929,myotonic disorder nec,ICD9CM-V32
18,3593,periodic paralysis,ICD9CM-V32
18,3594,toxic myopathy,ICD9CM-V32
18,3595,myopathy in endocrin dis,ICD9CM-V32
18,3596,infl myopathy in oth dis,ICD9CM-V32
18,3597,*,ICD9CM-V32
18,35971,inclusion body myositis,ICD9CM-V32
18,35979,inflm/immune myopath nec,ICD9CM-V32
18,3598,myopathy nec#,ICD9CM-V32
18,35981,critical illness myopthy,ICD9CM-V32
18,35989,myopathies nec,ICD9CM-V32
18,3599,myopathy nos,ICD9CM-V32
19,360,disorders of the globe*,ICD9CM-V32
19,3600,purulent endophthalmitis*,ICD9CM-V32
19,36000,purulent endophthalm nos,ICD9CM-V32
19,36001,acute endophthalmitis,ICD9CM-V32
19,36002,panophthalmitis,ICD9CM-V32
19,36003,chronic endophthalmitis,ICD9CM-V32
19,36004,vitreous abscess,ICD9CM-V32
19,3601,other endophthalmitis*,ICD9CM-V32
19,36011,sympathetic uveitis,ICD9CM-V32
19,36012,panuveitis,ICD9CM-V32
19,36013,parasitic endophthal nos,ICD9CM-V32
19,36014,ophthalmia nodosa,ICD9CM-V32
19,36019,endophthalmitis nec,ICD9CM-V32
19,3602,degenerative globe dis*,ICD9CM-V32
19,36020,degenerat globe dis nos,ICD9CM-V32
19,36021,progressive high myopia,ICD9CM-V32
19,36023,siderosis,ICD9CM-V32
19,36024,"other metallosis, eye",ICD9CM-V32
19,36029,degenerative globe nec,ICD9CM-V32
19,3603,hypotony of eye*,ICD9CM-V32
19,36030,"hypotony nos, eye",ICD9CM-V32
19,36031,primary hypotony,ICD9CM-V32
19,36032,hypotony due to fistula,ICD9CM-V32
19,36033,hypotony w eye dis nec,ICD9CM-V32
19,36034,flat anterior chamber,ICD9CM-V32
19,3604,degeneration of eye*,ICD9CM-V32
19,36040,degeneration of eye nos,ICD9CM-V32
19,36041,blind hypotensive eye,ICD9CM-V32
19,36042,blind hypertensive eye,ICD9CM-V32
19,36043,hemophthalmos,ICD9CM-V32
19,36044,leucocoria,ICD9CM-V32
19,3605,"old magnet fb, eye*",ICD9CM-V32
19,36050,"old magnet fb, eye nos",ICD9CM-V32
19,36051,"old magnet fb, ant chamb",ICD9CM-V32
19,36052,"old magnet fb, iris",ICD9CM-V32
19,36053,"old magnet fb, lens",ICD9CM-V32
19,36054,"old magnet fb, vitreous",ICD9CM-V32
19,36055,"old magnet fb, post wall",ICD9CM-V32
19,36059,"old magnet fb, eye nec",ICD9CM-V32
19,3606,old foreign body eye nos*,ICD9CM-V32
19,36060,intraocular fb nos,ICD9CM-V32
19,36061,fb in anterior chamber,ICD9CM-V32
19,36062,fb in iris or ciliary,ICD9CM-V32
19,36063,foreign body in lens,ICD9CM-V32
19,36064,foreign body in vitreous,ICD9CM-V32
19,36065,fb in posterior wall,ICD9CM-V32
19,36069,intraocular fb nec,ICD9CM-V32
19,3608,oth disorders of globe*,ICD9CM-V32
19,36081,luxation of globe,ICD9CM-V32
19,36089,disorder of globe nec,ICD9CM-V32
19,3609,disorder of globe nos,ICD9CM-V32
19,361,retinal detachment*,ICD9CM-V32
19,3610,retinal detach w defect*,ICD9CM-V32
19,36100,detachmnt w defect nos,ICD9CM-V32
19,36101,part detach-singl defec,ICD9CM-V32
19,36102,part detach-mult defect,ICD9CM-V32
19,36103,part detach-giant tear,ICD9CM-V32
19,36104,part detach-dialysis,ICD9CM-V32
19,36105,"recent detachment, total",ICD9CM-V32
19,36106,"old detachment, partial",ICD9CM-V32
19,36107,"old detachment, total",ICD9CM-V32
19,3611,retinoschisis*,ICD9CM-V32
19,36110,retinoschisis nos,ICD9CM-V32
19,36111,flat retinoschisis,ICD9CM-V32
19,36112,bullous retinoschisis,ICD9CM-V32
19,36113,primary retinal cysts,ICD9CM-V32
19,36114,secondary retinal cysts,ICD9CM-V32
19,36119,retinoshisis or cyst nec,ICD9CM-V32
19,3612,serous retina detachment,ICD9CM-V32
19,3613,retina defect w/o detach*,ICD9CM-V32
19,36130,retinal defect nos,ICD9CM-V32
19,36131,round hole of retina,ICD9CM-V32
19,36132,horseshoe tear of retina,ICD9CM-V32
19,36133,mult defects of retina,ICD9CM-V32
19,3618,other retinal detachment*,ICD9CM-V32
19,36181,retinal traction detach,ICD9CM-V32
19,36189,retinal detachment nec,ICD9CM-V32
19,3619,retinal detachment nos,ICD9CM-V32
19,362,retinal disorders nec*,ICD9CM-V32
19,3620,diabetic retinopathy*,ICD9CM-V32
19,36201,diabetic retinopathy nos,ICD9CM-V32
19,36202,prolif diab retinopathy,ICD9CM-V32
19,36203,nonprolf db retnoph nos,ICD9CM-V32
19,36204,mild nonprolf db retnoph,ICD9CM-V32
19,36205,mod nonprolf db retinoph,ICD9CM-V32
19,36206,sev nonprolf db retinoph,ICD9CM-V32
19,36207,diabetic macular edema,ICD9CM-V32
19,3621,backgrnd retinopathy nec*,ICD9CM-V32
19,36210,backgrnd retinopathy nos,ICD9CM-V32
19,36211,hypertensive retinopathy,ICD9CM-V32
19,36212,exudative retinopathy,ICD9CM-V32
19,36213,retinal vascular changes,ICD9CM-V32
19,36214,retina microaneurysm nos,ICD9CM-V32
19,36215,retinal telangiectasia,ICD9CM-V32
19,36216,retinal neovascular nos,ICD9CM-V32
19,36217,retinal varices,ICD9CM-V32
19,36218,retinal vasculitis,ICD9CM-V32
19,3622,oth prolif retinopathy*,ICD9CM-V32
19,36220,retinoph prematurity nos,ICD9CM-V32
19,36221,retrolental fibroplasia,ICD9CM-V32
19,36222,"retinoph prematr,stage 0",ICD9CM-V32
19,36223,"retinoph prematr,stage 1",ICD9CM-V32
19,36224,"retinoph prematr,stage 2",ICD9CM-V32
19,36225,"retinoph prematr,stage 3",ICD9CM-V32
19,36226,retinoph prematr.stage 4,ICD9CM-V32
19,36227,"retinoph prematr,stage 5",ICD9CM-V32
19,36229,prolif retinopathy nec,ICD9CM-V32
19,3623,retinal vasc occlusion*,ICD9CM-V32
19,36230,retinal vasc occlus nos,ICD9CM-V32
19,36231,cent retina artery occlu,ICD9CM-V32
19,36232,arterial branch occlus,ICD9CM-V32
19,36233,part arterial occlusion,ICD9CM-V32
19,36234,transient arterial occlu,ICD9CM-V32
19,36235,cent retinal vein occlus,ICD9CM-V32
19,36236,venous tributary occlus,ICD9CM-V32
19,36237,retina venous engorgemnt,ICD9CM-V32
19,3624,retina layer separation*,ICD9CM-V32
19,36240,retina layer separat nos,ICD9CM-V32
19,36241,cent serous retinopathy,ICD9CM-V32
19,36242,serous detach pigm epith,ICD9CM-V32
19,36243,hem detach pigmnt epith,ICD9CM-V32
19,3625,degeneration of macula*,ICD9CM-V32
19,36250,macular degeneration nos,ICD9CM-V32
19,36251,nonexudat macular degen,ICD9CM-V32
19,36252,exudative macular degen,ICD9CM-V32
19,36253,cystoid macular degen,ICD9CM-V32
19,36254,macular cyst or hole,ICD9CM-V32
19,36255,toxic maculopathy,ICD9CM-V32
19,36256,macular puckering,ICD9CM-V32
19,36257,drusen (degenerative),ICD9CM-V32
19,3626,periph retina degen*,ICD9CM-V32
19,36260,periph retina degen nos,ICD9CM-V32
19,36261,paving stone degenerat,ICD9CM-V32
19,36262,microcystoid degenerat,ICD9CM-V32
19,36263,lattice degeneration,ICD9CM-V32
19,36264,senile reticular degen,ICD9CM-V32
19,36265,secondry pigment degen,ICD9CM-V32
19,36266,sec vitreoretina degen,ICD9CM-V32
19,3627,hered retinal dystrophy*,ICD9CM-V32
19,36270,hered retin dystrphy nos,ICD9CM-V32
19,36271,ret dystrph in lipidoses,ICD9CM-V32
19,36272,ret dystrph in syst dis,ICD9CM-V32
19,36273,vitreoretinal dystrophy,ICD9CM-V32
19,36274,pigment retina dystrophy,ICD9CM-V32
19,36275,sensory retina dystrophy,ICD9CM-V32
19,36276,vitelliform dystrophy,ICD9CM-V32
19,36277,bruch membrane dystrophy,ICD9CM-V32
19,3628,other retinal disorders*,ICD9CM-V32
19,36281,retinal hemorrhage,ICD9CM-V32
19,36282,retina exudates/deposits,ICD9CM-V32
19,36283,retinal edema,ICD9CM-V32
19,36284,retinal ischemia,ICD9CM-V32
19,36285,retinal nerv fiber defec,ICD9CM-V32
19,36289,retinal disorders nec,ICD9CM-V32
19,3629,retinal disorder nos,ICD9CM-V32
19,363,choroidal disorders*,ICD9CM-V32
19,3630,focal chorioretinitis*,ICD9CM-V32
19,36300,focal chorioretinit nos,ICD9CM-V32
19,36301,juxtapap foc choroiditis,ICD9CM-V32
19,36303,foc choroiditis post nec,ICD9CM-V32
19,36304,periph focal choroiditis,ICD9CM-V32
19,36305,juxtapap focal retinitis,ICD9CM-V32
19,36306,macular focal retinitis,ICD9CM-V32
19,36307,foc retinitis post nec,ICD9CM-V32
19,36308,periph focal retinitis,ICD9CM-V32
19,3631,dissemin chorioretinitis*,ICD9CM-V32
19,36310,dissem chorioretinit nos,ICD9CM-V32
19,36311,"dissem choroiditis, post",ICD9CM-V32
19,36312,periph disem choroiditis,ICD9CM-V32
19,36313,gen dissem choroiditis,ICD9CM-V32
19,36314,metastat dissem retinit,ICD9CM-V32
19,36315,pigment epitheliopathy,ICD9CM-V32
19,3632,chorioretinitis nec/nos*,ICD9CM-V32
19,36320,chorioretinitis nos,ICD9CM-V32
19,36321,pars planitis,ICD9CM-V32
19,36322,harada's disease,ICD9CM-V32
19,3633,chorioretinal scars*,ICD9CM-V32
19,36330,chorioretinal scar nos,ICD9CM-V32
19,36331,solar retinopathy,ICD9CM-V32
19,36332,macular scars nec,ICD9CM-V32
19,36333,posterior pole scar nec,ICD9CM-V32
19,36334,peripheral retinal scars,ICD9CM-V32
19,36335,disseminated retina scar,ICD9CM-V32
19,3634,choroidal degenerations*,ICD9CM-V32
19,36340,choroidal degen nos,ICD9CM-V32
19,36341,"senile atrophy, choroid",ICD9CM-V32
19,36342,difus sec atroph choroid,ICD9CM-V32
19,36343,"angioid streaks, choroid",ICD9CM-V32
19,3635,hered choroid dystrophy*,ICD9CM-V32
19,36350,hered choroid atroph nos,ICD9CM-V32
19,36351,prt circmpap choroid dys,ICD9CM-V32
19,36352,tot circmpap choroid dys,ICD9CM-V32
19,36353,part cent choroid dystr,ICD9CM-V32
19,36354,tot cent choroid atrophy,ICD9CM-V32
19,36355,choroideremia,ICD9CM-V32
19,36356,prt gen choroid dyst nec,ICD9CM-V32
19,36357,tot gen choroid dyst nec,ICD9CM-V32
19,3636,choroidal hemorr/rupture*,ICD9CM-V32
19,36361,choroidal hemorrhage nos,ICD9CM-V32
19,36362,expulsive choroid hemorr,ICD9CM-V32
19,36363,choroidal rupture,ICD9CM-V32
19,3637,choroidal detachment*,ICD9CM-V32
19,36370,choroidal detachment nos,ICD9CM-V32
19,36371,serous choroid detachmnt,ICD9CM-V32
19,36372,hemorr choroid detachmnt,ICD9CM-V32
19,3638,disorders of choroid nec,ICD9CM-V32
19,3639,choroidal disorder nos,ICD9CM-V32
19,364,iris/ciliary body dis*,ICD9CM-V32
19,3640,acute iridocyclitis*,ICD9CM-V32
19,36400,acute iridocyclitis nos,ICD9CM-V32
19,36401,primary iridocyclitis,ICD9CM-V32
19,36402,recurrent iridocyclitis,ICD9CM-V32
19,36403,"secondry iritis, infect",ICD9CM-V32
19,36404,"second iritis, noninfec",ICD9CM-V32
19,36405,hypopyon,ICD9CM-V32
19,3641,chronic iridocyclitis*,ICD9CM-V32
19,36410,chr iridocyclitis nos,ICD9CM-V32
19,36411,chr iridocyl in oth dis,ICD9CM-V32
19,3642,iridocyclitis nec*,ICD9CM-V32
19,36421,fuch hetrochrom cyclitis,ICD9CM-V32
19,36422,glaucomatocyclit crises,ICD9CM-V32
19,36423,lens-induced iridocyclit,ICD9CM-V32
19,36424,vogt-koyanagi syndrome,ICD9CM-V32
19,3643,iridocyclitis nos,ICD9CM-V32
19,3644,vasculr dis iris/ciliary*,ICD9CM-V32
19,36441,hyphema,ICD9CM-V32
19,36442,rubeosis iridis,ICD9CM-V32
19,3645,degenerat iris/ciliary*,ICD9CM-V32
19,36451,progressive iris atrophy,ICD9CM-V32
19,36452,iridoschisis,ICD9CM-V32
19,36453,pigment iris degenerat,ICD9CM-V32
19,36454,pupillary margin degen,ICD9CM-V32
19,36455,miotic cyst pupil margin,ICD9CM-V32
19,36456,degen chamber angle,ICD9CM-V32
19,36457,degen ciliary body,ICD9CM-V32
19,36459,iris atrophy nec,ICD9CM-V32
19,3646,anterior chamber cysts*,ICD9CM-V32
19,36460,idiopathic cysts,ICD9CM-V32
19,36461,implantation cysts,ICD9CM-V32
19,36462,exud cyst iris/ant chamb,ICD9CM-V32
19,36463,primary cyst pars plana,ICD9CM-V32
19,36464,exudat cyst pars plana,ICD9CM-V32
19,3647,adhesn iris/ciliary body*,ICD9CM-V32
19,36470,adhesions of iris nos,ICD9CM-V32
19,36471,posterior synechiae,ICD9CM-V32
19,36472,anterior synechiae,ICD9CM-V32
19,36473,goniosynechiae,ICD9CM-V32
19,36474,pupillary membranes,ICD9CM-V32
19,36475,pupillary abnormalities,ICD9CM-V32
19,36476,iridodialysis,ICD9CM-V32
19,36477,"recession, chamber angle",ICD9CM-V32
19,3648,iris/ciliary dis nec#,ICD9CM-V32
19,36481,floppy iris syndrome,ICD9CM-V32
19,36482,plateau iris syndrome,ICD9CM-V32
19,36489,iris/ciliary disord nec,ICD9CM-V32
19,3649,iris/ciliary dis nos,ICD9CM-V32
19,365,glaucoma*,ICD9CM-V32
19,3650,borderline glaucoma*,ICD9CM-V32
19,36500,preglaucoma nos,ICD9CM-V32
19,36501,opn angl brderln lo risk,ICD9CM-V32
19,36502,anatomical narrow angle,ICD9CM-V32
19,36503,steroid responders,ICD9CM-V32
19,36504,ocular hypertension,ICD9CM-V32
19,36505,opn ang w brdrlne hi rsk,ICD9CM-V32
19,36506,prim angle clos w/o dmg,ICD9CM-V32
19,3651,open-angle glaucoma*,ICD9CM-V32
19,36510,open-angle glaucoma nos,ICD9CM-V32
19,36511,prim open angle glaucoma,ICD9CM-V32
19,36512,low tension glaucoma,ICD9CM-V32
19,36513,pigmentary glaucoma,ICD9CM-V32
19,36514,glaucoma of childhood,ICD9CM-V32
19,36515,residual opn ang glaucma,ICD9CM-V32
19,3652,prim angl-closure glauc*,ICD9CM-V32
19,36520,prim angl-clos glauc nos,ICD9CM-V32
19,36521,intermit angl-clos glauc,ICD9CM-V32
19,36522,acute angl-clos glaucoma,ICD9CM-V32
19,36523,chr angle-clos glaucoma,ICD9CM-V32
19,36524,residual angl-clos glauc,ICD9CM-V32
19,3653,steroid-induced glaucoma*,ICD9CM-V32
19,36531,glauc stage-ster induced,ICD9CM-V32
19,36532,glauc resid-ster induced,ICD9CM-V32
19,3654,glaucom w congen anomaly*,ICD9CM-V32
19,36541,glauc w chamb angle anom,ICD9CM-V32
19,36542,glaucoma w iris anomaly,ICD9CM-V32
19,36543,glauc w ant seg anom nec,ICD9CM-V32
19,36544,glaucoma w systemic synd,ICD9CM-V32
19,3655,glaucoma w lens disorder*,ICD9CM-V32
19,36551,phacolytic glaucoma,ICD9CM-V32
19,36552,pseudoexfoliat glaucoma,ICD9CM-V32
19,36559,glaucoma w lens dis nec,ICD9CM-V32
19,3656,glauc w ocular dis nec*,ICD9CM-V32
19,36560,glauc w ocular dis nos,ICD9CM-V32
19,36561,glauc w pupillary block,ICD9CM-V32
19,36562,glaucoma w ocular inflam,ICD9CM-V32
19,36563,glaucoma w vascular dis,ICD9CM-V32
19,36564,glaucoma w tumor or cyst,ICD9CM-V32
19,36565,glaucoma w ocular trauma,ICD9CM-V32
19,3657,*,ICD9CM-V32
19,36570,glaucoma stage nos,ICD9CM-V32
19,36571,mild stage glaucoma,ICD9CM-V32
19,36572,moderate stage glaucoma,ICD9CM-V32
19,36573,severe stage glaucoma,ICD9CM-V32
19,36574,indeterm stage glaucoma,ICD9CM-V32
19,3658,other glaucoma*,ICD9CM-V32
19,36581,hypersecretion glaucoma,ICD9CM-V32
19,36582,glauc w inc episcl press,ICD9CM-V32
19,36583,aqueous misdirection,ICD9CM-V32
19,36589,glaucoma nec,ICD9CM-V32
19,3659,glaucoma nos,ICD9CM-V32
19,366,cataract*,ICD9CM-V32
19,3660,nonsenile cataract*,ICD9CM-V32
19,36600,nonsenile cataract nos,ICD9CM-V32
19,36601,ant subcaps pol cataract,ICD9CM-V32
19,36602,post subcaps pol catarct,ICD9CM-V32
19,36603,cortical cataract,ICD9CM-V32
19,36604,nuclear cataract,ICD9CM-V32
19,36609,nonsenile cataract nec,ICD9CM-V32
19,3661,senile cataract*,ICD9CM-V32
19,36610,senile cataract nos,ICD9CM-V32
19,36611,pseudoexfol lens capsule,ICD9CM-V32
19,36612,incipient cataract,ICD9CM-V32
19,36613,ant subcaps senile catar,ICD9CM-V32
19,36614,post subcap senile catar,ICD9CM-V32
19,36615,cortical senile cataract,ICD9CM-V32
19,36616,senile nuclear cataract,ICD9CM-V32
19,36617,mature cataract,ICD9CM-V32
19,36618,hypermature cataract,ICD9CM-V32
19,36619,senile cataract nec,ICD9CM-V32
19,3662,traumatic cataract*,ICD9CM-V32
19,36620,traumatic cataract nos,ICD9CM-V32
19,36621,local traumatic opacity,ICD9CM-V32
19,36622,total traumatic cataract,ICD9CM-V32
19,36623,part resolv traum catar,ICD9CM-V32
19,3663,complicated cataract*,ICD9CM-V32
19,36630,cataracta complicata nos,ICD9CM-V32
19,36631,glaucomatous flecks,ICD9CM-V32
19,36632,cataract in inflam dis,ICD9CM-V32
19,36633,cataract w neovasculizat,ICD9CM-V32
19,36634,cataract in degen dis,ICD9CM-V32
19,3664,cataract w oth disorder*,ICD9CM-V32
19,36641,diabetic cataract,ICD9CM-V32
19,36642,tetanic cataract,ICD9CM-V32
19,36643,myotonic cataract,ICD9CM-V32
19,36644,cataract w syndrome nec,ICD9CM-V32
19,36645,toxic cataract,ICD9CM-V32
19,36646,cataract w radiation,ICD9CM-V32
19,3665,after-cataract*,ICD9CM-V32
19,36650,after-cataract nos,ICD9CM-V32
19,36651,soemmering's ring,ICD9CM-V32
19,36652,after-cataract nec,ICD9CM-V32
19,36653,aftr-catar obscur vision,ICD9CM-V32
19,3668,cataract nec,ICD9CM-V32
19,3669,cataract nos,ICD9CM-V32
19,367,disorders of refraction*,ICD9CM-V32
19,3670,hypermetropia,ICD9CM-V32
19,3671,myopia,ICD9CM-V32
19,3672,astigmatism*,ICD9CM-V32
19,36720,astigmatism nos,ICD9CM-V32
19,36721,regular astigmatism,ICD9CM-V32
19,36722,irregular astigmatism,ICD9CM-V32
19,3673,anisometrop/aniseikonia*,ICD9CM-V32
19,36731,anisometropia,ICD9CM-V32
19,36732,aniseikonia,ICD9CM-V32
19,3674,presbyopia,ICD9CM-V32
19,3675,accommodation disorders*,ICD9CM-V32
19,36751,paresis of accommodation,ICD9CM-V32
19,36752,tot intern ophthalmopleg,ICD9CM-V32
19,36753,spasm of accommodation,ICD9CM-V32
19,3678,refraction disorder nec*,ICD9CM-V32
19,36781,transient refract change,ICD9CM-V32
19,36789,refraction disorder nec,ICD9CM-V32
19,3679,refraction disorder nos,ICD9CM-V32
19,368,visual disturbances*,ICD9CM-V32
19,3680,amblyopia ex anopsia*,ICD9CM-V32
19,36800,amblyopia nos,ICD9CM-V32
19,36801,strabismic amblyopia,ICD9CM-V32
19,36802,deprivation amblyopia,ICD9CM-V32
19,36803,refractive amblyopia,ICD9CM-V32
19,3681,subjectve visual disturb*,ICD9CM-V32
19,36810,subj visual disturb nos,ICD9CM-V32
19,36811,sudden visual loss,ICD9CM-V32
19,36812,transient visual loss,ICD9CM-V32
19,36813,visual discomfort,ICD9CM-V32
19,36814,distortion of shape/size,ICD9CM-V32
19,36815,visual distortions nec,ICD9CM-V32
19,36816,psychophysic visual dist,ICD9CM-V32
19,3682,diplopia,ICD9CM-V32
19,3683,binocular vision dis nec*,ICD9CM-V32
19,36830,binocular vision dis nos,ICD9CM-V32
19,36831,binocular vis suppress,ICD9CM-V32
19,36832,visual percept w/o fusn,ICD9CM-V32
19,36833,fusion w def stereopsis,ICD9CM-V32
19,36834,abn retina correspond,ICD9CM-V32
19,3684,visual field defects*,ICD9CM-V32
19,36840,visual field defect nos,ICD9CM-V32
19,36841,central scotoma,ICD9CM-V32
19,36842,scotoma of blind spot,ICD9CM-V32
19,36843,sector or arcuate defect,ICD9CM-V32
19,36844,visual field defect nec,ICD9CM-V32
19,36845,gen visual contraction,ICD9CM-V32
19,36846,homonymous hemianopsia,ICD9CM-V32
19,36847,heteronymous hemianopsia,ICD9CM-V32
19,3685,color vision deficiency*,ICD9CM-V32
19,36851,protan defect,ICD9CM-V32
19,36852,deutan defect,ICD9CM-V32
19,36853,tritan defect,ICD9CM-V32
19,36854,achromatopsia,ICD9CM-V32
19,36855,acq color deficiency,ICD9CM-V32
19,36859,color deficiency nec,ICD9CM-V32
19,3686,night blindness*,ICD9CM-V32
19,36860,night blindness nos,ICD9CM-V32
19,36861,congen night blindness,ICD9CM-V32
19,36862,acquired night blindness,ICD9CM-V32
19,36863,abn dark adaptat curve,ICD9CM-V32
19,36869,night blindness nec,ICD9CM-V32
19,3688,visual disturbances nec,ICD9CM-V32
19,3689,visual disturbance nos,ICD9CM-V32
19,369,blindness and low vision*,ICD9CM-V32
19,3690,profound blind both eyes*,ICD9CM-V32
19,36900,both eyes blind-who def,ICD9CM-V32
19,36901,tot impairment-both eyes,ICD9CM-V32
19,36902,one eye-near tot/oth-nos,ICD9CM-V32
19,36903,one eye-near tot/oth-tot,ICD9CM-V32
19,36904,near-tot impair-both eye,ICD9CM-V32
19,36905,one eye-profound/oth-nos,ICD9CM-V32
19,36906,one eye-profound/oth-tot,ICD9CM-V32
19,36907,one eye-prfnd/oth-nr tot,ICD9CM-V32
19,36908,profound impair both eye,ICD9CM-V32
19,3691,mod/sev w profnd impair*,ICD9CM-V32
19,36910,blindness/low vision,ICD9CM-V32
19,36911,1 eye-sev/oth-blind nos,ICD9CM-V32
19,36912,one eye-severe/oth-total,ICD9CM-V32
19,36913,one eye-sev/oth-near tot,ICD9CM-V32
19,36914,one eye-sev/oth-prfnd,ICD9CM-V32
19,36915,one eye-mod/oth-blind,ICD9CM-V32
19,36916,one eye-moderate/oth-tot,ICD9CM-V32
19,36917,one eye-mod/oth-near tot,ICD9CM-V32
19,36918,one eye-mod/oth-profound,ICD9CM-V32
19,3692,mod/sev impair-both eyes*,ICD9CM-V32
19,36920,"low vision, 2 eyes nos",ICD9CM-V32
19,36921,one eye-severe/oth-nos,ICD9CM-V32
19,36922,severe impair-both eyes,ICD9CM-V32
19,36923,one eye-moderate/oth-nos,ICD9CM-V32
19,36924,one eye-moderate/oth-sev,ICD9CM-V32
19,36925,moderate impair-both eye,ICD9CM-V32
19,3693,"blindness nos, both eyes",ICD9CM-V32
19,3694,legal blindness-usa def,ICD9CM-V32
19,3696,profound impair-one eye*,ICD9CM-V32
19,36960,"blindness, one eye",ICD9CM-V32
19,36961,one eye-total/oth-unknwn,ICD9CM-V32
19,36962,one eye-tot/oth-near nor,ICD9CM-V32
19,36963,one eye-total/oth-normal,ICD9CM-V32
19,36964,one eye-near tot/oth-nos,ICD9CM-V32
19,36965,near-tot imp/near-normal,ICD9CM-V32
19,36966,near-total impair/normal,ICD9CM-V32
19,36967,one eye-prfound/oth-unkn,ICD9CM-V32
19,36968,profnd impair/near norm,ICD9CM-V32
19,36969,profound impair/normal,ICD9CM-V32
19,3697,"mod/severe impair, 1 eye*",ICD9CM-V32
19,36970,"low vision, one eye",ICD9CM-V32
19,36971,one eye-severe/oth-unknw,ICD9CM-V32
19,36972,one eye-sev/oth-nr norm,ICD9CM-V32
19,36973,one eye-severe/oth-norm,ICD9CM-V32
19,36974,one eye-mod/other-unknwn,ICD9CM-V32
19,36975,one eye-mod/oth-nr norm,ICD9CM-V32
19,36976,one eye-mod/oth normal,ICD9CM-V32
19,3698,"visual loss, one eye nos",ICD9CM-V32
19,3699,visual loss nos,ICD9CM-V32
19,370,keratitis*,ICD9CM-V32
19,3700,corneal ulcer*,ICD9CM-V32
19,37000,corneal ulcer nos,ICD9CM-V32
19,37001,marginal corneal ulcer,ICD9CM-V32
19,37002,ring corneal ulcer,ICD9CM-V32
19,37003,central corneal ulcer,ICD9CM-V32
19,37004,hypopyon ulcer,ICD9CM-V32
19,37005,mycotic corneal ulcer,ICD9CM-V32
19,37006,perforated corneal ulcer,ICD9CM-V32
19,37007,mooren's ulcer,ICD9CM-V32
19,3702,superficial keratitis*,ICD9CM-V32
19,37020,superfic keratitis nos,ICD9CM-V32
19,37021,punctate keratitis,ICD9CM-V32
19,37022,macular keratitis,ICD9CM-V32
19,37023,filamentary keratitis,ICD9CM-V32
19,37024,photokeratitis,ICD9CM-V32
19,3703,spec type keratoconjunct*,ICD9CM-V32
19,37031,phlycten keratoconjunct,ICD9CM-V32
19,37032,limbar keratoconjunctiv,ICD9CM-V32
19,37033,keratoconjunctivit sicca,ICD9CM-V32
19,37034,expsure keratoconjunctiv,ICD9CM-V32
19,37035,neurotroph keratoconjunc,ICD9CM-V32
19,3704,keratoconjunctiv nec/nos*,ICD9CM-V32
19,37040,keratoconjunctivitis nos,ICD9CM-V32
19,37044,keratitis in exanthema,ICD9CM-V32
19,37049,keratoconjunctivitis nec,ICD9CM-V32
19,3705,interstitial keratitis*,ICD9CM-V32
19,37050,interstit keratitis nos,ICD9CM-V32
19,37052,diffus interstit keratit,ICD9CM-V32
19,37054,sclerosing keratitis,ICD9CM-V32
19,37055,corneal abscess,ICD9CM-V32
19,37059,interstit keratitis nec,ICD9CM-V32
19,3706,corneal neovascularizat*,ICD9CM-V32
19,37060,cornea neovasculariz nos,ICD9CM-V32
19,37061,local vasculariza cornea,ICD9CM-V32
19,37062,corneal pannus,ICD9CM-V32
19,37063,deep vasculariza cornea,ICD9CM-V32
19,37064,corneal ghost vessels,ICD9CM-V32
19,3708,keratitis nec,ICD9CM-V32
19,3709,keratitis nos,ICD9CM-V32
19,371,corneal opacity/disorder*,ICD9CM-V32
19,3710,corneal scars/opacities*,ICD9CM-V32
19,37100,corneal opacity nos,ICD9CM-V32
19,37101,minor opacity of cornea,ICD9CM-V32
19,37102,periph opacity of cornea,ICD9CM-V32
19,37103,"central opacity, cornea",ICD9CM-V32
19,37104,adherent leucoma,ICD9CM-V32
19,37105,phthisical cornea,ICD9CM-V32
19,3711,corneal pigmentations*,ICD9CM-V32
19,37110,corneal deposit nos,ICD9CM-V32
19,37111,ant cornea pigmentation,ICD9CM-V32
19,37112,stromal cornea pigment,ICD9CM-V32
19,37113,post cornea pigmentation,ICD9CM-V32
19,37114,kayser-fleischer ring,ICD9CM-V32
19,37115,oth deposit w metab dis,ICD9CM-V32
19,37116,argentous cornea deposit,ICD9CM-V32
19,3712,corneal edema*,ICD9CM-V32
19,37120,corneal edema nos,ICD9CM-V32
19,37121,idiopathic corneal edema,ICD9CM-V32
19,37122,secondary corneal edema,ICD9CM-V32
19,37123,bullous keratopathy,ICD9CM-V32
19,37124,edema d/t contact lens,ICD9CM-V32
19,3713,corneal membrane changes*,ICD9CM-V32
19,37130,cornea memb change nos,ICD9CM-V32
19,37131,fold of bowman membrane,ICD9CM-V32
19,37132,fold in descemet membran,ICD9CM-V32
19,37133,rupture descemet membran,ICD9CM-V32
19,3714,corneal degenerations*,ICD9CM-V32
19,37140,corneal degeneration nos,ICD9CM-V32
19,37141,senile corneal changes,ICD9CM-V32
19,37142,recurrent cornea erosion,ICD9CM-V32
19,37143,band-shaped keratopathy,ICD9CM-V32
19,37144,calcer cornea degen nec,ICD9CM-V32
19,37145,keratomalacia nos,ICD9CM-V32
19,37146,nodular cornea degen,ICD9CM-V32
19,37148,peripheral cornea degen,ICD9CM-V32
19,37149,cornea degeneration nec,ICD9CM-V32
19,3715,hered cornea dystrophy*,ICD9CM-V32
19,37150,corneal dystrophy nos,ICD9CM-V32
19,37151,juv epith cornea dystrph,ICD9CM-V32
19,37152,ant cornea dystrophy nec,ICD9CM-V32
19,37153,granular cornea dystrphy,ICD9CM-V32
19,37154,lattice cornea dystrophy,ICD9CM-V32
19,37155,macular cornea dystrophy,ICD9CM-V32
19,37156,strom cornea dystrph nec,ICD9CM-V32
19,37157,endothel cornea dystrphy,ICD9CM-V32
19,37158,post cornea dystrphy nec,ICD9CM-V32
19,3716,keratoconus*,ICD9CM-V32
19,37160,keratoconus nos,ICD9CM-V32
19,37161,"keratoconus, stable",ICD9CM-V32
19,37162,"keratoconus, ac hydrops",ICD9CM-V32
19,3717,corneal deformities nec*,ICD9CM-V32
19,37170,corneal deformity nos,ICD9CM-V32
19,37171,corneal ectasia,ICD9CM-V32
19,37172,descemetocele,ICD9CM-V32
19,37173,corneal staphyloma,ICD9CM-V32
19,3718,other corneal disorders*,ICD9CM-V32
19,37181,corneal anesthesia,ICD9CM-V32
19,37182,corneal dsdr contct lens,ICD9CM-V32
19,37189,corneal disorder nec,ICD9CM-V32
19,3719,corneal disorder nos,ICD9CM-V32
19,372,disorders of conjunctiva*,ICD9CM-V32
19,3720,acute conjunctivitis*,ICD9CM-V32
19,37200,acute conjunctivitis nos,ICD9CM-V32
19,37201,serous conjunctivitis,ICD9CM-V32
19,37202,ac follic conjunctivitis,ICD9CM-V32
19,37203,mucopur conjunctivit nec,ICD9CM-V32
19,37204,pseudomemb conjunctivit,ICD9CM-V32
19,37205,ac atopic conjunctivitis,ICD9CM-V32
19,37206,ac chem conjunctivitis,ICD9CM-V32
19,3721,chronic conjunctivitis*,ICD9CM-V32
19,37210,chr conjunctivitis nos,ICD9CM-V32
19,37211,simpl chr conjunctivitis,ICD9CM-V32
19,37212,chr follic conjunctivit,ICD9CM-V32
19,37213,vernal conjunctivitis,ICD9CM-V32
19,37214,chr allrg conjunctiv nec,ICD9CM-V32
19,37215,parasitic conjunctivitis,ICD9CM-V32
19,3722,blepharoconjunctivitis*,ICD9CM-V32
19,37220,blepharoconjunctivit nos,ICD9CM-V32
19,37221,angular blepharoconjunct,ICD9CM-V32
19,37222,contact blepharoconjunct,ICD9CM-V32
19,3723,conjunctivitis nec/nos*,ICD9CM-V32
19,37230,conjunctivitis nos,ICD9CM-V32
19,37231,rosacea conjunctivitis,ICD9CM-V32
19,37233,mucocutan dis conjunctiv,ICD9CM-V32
19,37234,pingueculitis,ICD9CM-V32
19,37239,conjunctivitis nec,ICD9CM-V32
19,3724,pterygium*,ICD9CM-V32
19,37240,pterygium nos,ICD9CM-V32
19,37241,periph station pterygium,ICD9CM-V32
19,37242,periph progess pterygium,ICD9CM-V32
19,37243,central pterygium,ICD9CM-V32
19,37244,double pterygium,ICD9CM-V32
19,37245,recurrent pterygium,ICD9CM-V32
19,3725,conjunctiva degeneration*,ICD9CM-V32
19,37250,conjunctival degen nos,ICD9CM-V32
19,37251,pinguecula,ICD9CM-V32
19,37252,pseudopterygium,ICD9CM-V32
19,37253,conjunctival xerosis,ICD9CM-V32
19,37254,conjunctival concretions,ICD9CM-V32
19,37255,conjunctiva pigmentation,ICD9CM-V32
19,37256,conjunctival deposits,ICD9CM-V32
19,3726,conjunctival scars*,ICD9CM-V32
19,37261,granuloma of conjunctiva,ICD9CM-V32
19,37262,local conjunctiva adhes,ICD9CM-V32
19,37263,symblepharon,ICD9CM-V32
19,37264,scarring of conjunctiva,ICD9CM-V32
19,3727,conjunctiva vasc dis*,ICD9CM-V32
19,37271,hyperemia of conjunctiva,ICD9CM-V32
19,37272,conjunctival hemorrhage,ICD9CM-V32
19,37273,conjunctival edema,ICD9CM-V32
19,37274,conjunctiva vasc anomaly,ICD9CM-V32
19,37275,conjunctival cysts,ICD9CM-V32
19,3728,conjunctiva disorder nec*,ICD9CM-V32
19,37281,conjunctivochalasis,ICD9CM-V32
19,37289,conjunctiva disorder nec,ICD9CM-V32
19,3729,conjunctiva disorder nos,ICD9CM-V32
19,373,inflammation of eyelids*,ICD9CM-V32
19,3730,blepharitis*,ICD9CM-V32
19,37300,blepharitis nos,ICD9CM-V32
19,37301,ulcerative blepharitis,ICD9CM-V32
19,37302,squamous blepharitis,ICD9CM-V32
19,3731,hordeolum*,ICD9CM-V32
19,37311,hordeolum externum,ICD9CM-V32
19,37312,hordeolum internum,ICD9CM-V32
19,37313,abscess of eyelid,ICD9CM-V32
19,3732,chalazion,ICD9CM-V32
19,3733,noninf dermatoses eyelid*,ICD9CM-V32
19,37331,eczem dermatitis eyelid,ICD9CM-V32
19,37332,contact dermatit eyelid,ICD9CM-V32
19,37333,xeroderma of eyelid,ICD9CM-V32
19,37334,disc lup erythematos lid,ICD9CM-V32
19,3734,infect derm lid w deform,ICD9CM-V32
19,3735,infec dermatitis lid nec,ICD9CM-V32
19,3736,parasitic infest eyelid,ICD9CM-V32
19,3738,inflammation eyelid nec,ICD9CM-V32
19,3739,inflammation eyelid nos,ICD9CM-V32
19,374,disorders of eyelids nec*,ICD9CM-V32
19,3740,entropion/trichiasis lid*,ICD9CM-V32
19,37400,entropion nos,ICD9CM-V32
19,37401,senile entropion,ICD9CM-V32
19,37402,mechanical entropion,ICD9CM-V32
19,37403,spastic entropion,ICD9CM-V32
19,37404,cicatricial entropion,ICD9CM-V32
19,37405,trichiasis w/o entropion,ICD9CM-V32
19,3741,ectropion*,ICD9CM-V32
19,37410,ectropion nos,ICD9CM-V32
19,37411,senile ectropion,ICD9CM-V32
19,37412,mechanical ectropion,ICD9CM-V32
19,37413,spastic ectropion,ICD9CM-V32
19,37414,cicatricial ectropion,ICD9CM-V32
19,3742,lagophthalmos*,ICD9CM-V32
19,37420,lagophthalmos nos,ICD9CM-V32
19,37421,paralytic lagophthalmos,ICD9CM-V32
19,37422,mechanical lagophthalmos,ICD9CM-V32
19,37423,cicatricial lagophthalm,ICD9CM-V32
19,3743,ptosis of eyelid*,ICD9CM-V32
19,37430,ptosis of eyelid nos,ICD9CM-V32
19,37431,paralytic ptosis,ICD9CM-V32
19,37432,myogenic ptosis,ICD9CM-V32
19,37433,mechanical ptosis,ICD9CM-V32
19,37434,blepharochalasis,ICD9CM-V32
19,3744,oth eyelid function dis*,ICD9CM-V32
19,37441,lid retraction or lag,ICD9CM-V32
19,37443,abnorm innervation synd,ICD9CM-V32
19,37444,"sensory disorders, lid",ICD9CM-V32
19,37445,sensormotr disor lid nec,ICD9CM-V32
19,37446,blepharophimosis,ICD9CM-V32
19,3745,other eyelid degen dis*,ICD9CM-V32
19,37450,"degen disorder nos, lid",ICD9CM-V32
19,37451,xanthelasma,ICD9CM-V32
19,37452,hyperpigmentation lid,ICD9CM-V32
19,37453,hypopigmentation lid,ICD9CM-V32
19,37454,hypertrichosis of eyelid,ICD9CM-V32
19,37455,hypotrichosis of eyelid,ICD9CM-V32
19,37456,degen dis eyelid nec,ICD9CM-V32
19,3748,other disorder of eyelid*,ICD9CM-V32
19,37481,hemorrhage of eyelid,ICD9CM-V32
19,37482,edema of eyelid,ICD9CM-V32
19,37483,elephantiasis of eyelid,ICD9CM-V32
19,37484,cysts of eyelids,ICD9CM-V32
19,37485,"vascular anomaly, eyelid",ICD9CM-V32
19,37486,"old foreign body, eyelid",ICD9CM-V32
19,37487,dermatochalasis,ICD9CM-V32
19,37489,disorders of eyelid nec,ICD9CM-V32
19,3749,disorder of eyelid nos,ICD9CM-V32
19,375,lacrimal system disorder*,ICD9CM-V32
19,3750,dacryoadenitis*,ICD9CM-V32
19,37500,dacryoadenitis nos,ICD9CM-V32
19,37501,acute dacryoadenitis,ICD9CM-V32
19,37502,chronic dacryoadenitis,ICD9CM-V32
19,37503,ch enlargmnt lacrim glnd,ICD9CM-V32
19,3751,lacrimal gland dis nec*,ICD9CM-V32
19,37511,dacryops,ICD9CM-V32
19,37512,lacrimal gland cyst nec,ICD9CM-V32
19,37513,primary lacrimal atrophy,ICD9CM-V32
19,37514,secondary lacrim atrophy,ICD9CM-V32
19,37515,tear film insuffic nos,ICD9CM-V32
19,37516,lacrimal gland dislocat,ICD9CM-V32
19,3752,epiphora*,ICD9CM-V32
19,37520,epiphora nos,ICD9CM-V32
19,37521,epiphora d/t excess tear,ICD9CM-V32
19,37522,epiphora d/t insuf drain,ICD9CM-V32
19,3753,inflam lacrim passge nos*,ICD9CM-V32
19,37530,dacryocystitis nos,ICD9CM-V32
19,37531,acute canaliculitis,ICD9CM-V32
19,37532,acute dacryocystitis,ICD9CM-V32
19,37533,phlegmon dacryocystitis,ICD9CM-V32
19,3754,chr infl lacrim passage*,ICD9CM-V32
19,37541,chronic canaliculitis,ICD9CM-V32
19,37542,chronic dacryocystitis,ICD9CM-V32
19,37543,lacrimal mucocele,ICD9CM-V32
19,3755,lacrimal passag stenosis*,ICD9CM-V32
19,37551,lacriml punctum eversion,ICD9CM-V32
19,37552,lacriml punctum stenosis,ICD9CM-V32
19,37553,lacrim canalic stenosis,ICD9CM-V32
19,37554,lacrimal sac stenosis,ICD9CM-V32
19,37555,neonatal nasolacrml obst,ICD9CM-V32
19,37556,acq nasolacrml stenosis,ICD9CM-V32
19,37557,dacryolith,ICD9CM-V32
19,3756,oth change lacrim passge*,ICD9CM-V32
19,37561,lacrimal fistula,ICD9CM-V32
19,37569,lacrim passge change nec,ICD9CM-V32
19,3758,oth lacrimal system dis*,ICD9CM-V32
19,37581,lacrim passage granuloma,ICD9CM-V32
19,37589,lacrimal syst dis nec,ICD9CM-V32
19,3759,lacrimal syst dis nos,ICD9CM-V32
19,376,disorders of the orbit*,ICD9CM-V32
19,3760,"ac inflammation, orbit*",ICD9CM-V32
19,37600,"acute inflam nos, orbit",ICD9CM-V32
19,37601,orbital cellulitis,ICD9CM-V32
19,37602,orbital periostitis,ICD9CM-V32
19,37603,orbital osteomyelitis,ICD9CM-V32
19,37604,orbital tenonitis,ICD9CM-V32
19,3761,chr inflam dis orbit*,ICD9CM-V32
19,37610,"chr inflam nos, orbit",ICD9CM-V32
19,37611,orbital granuloma,ICD9CM-V32
19,37612,orbital myositis,ICD9CM-V32
19,37613,"parasite infest, orbit",ICD9CM-V32
19,3762,endocrine exophthalmos*,ICD9CM-V32
19,37621,thyrotoxic exophthalmos,ICD9CM-V32
19,37622,exophthalm ophthalmopleg,ICD9CM-V32
19,3763,exophthalmic cond nec*,ICD9CM-V32
19,37630,exophthalmos nos,ICD9CM-V32
19,37631,constant exophthalmos,ICD9CM-V32
19,37632,orbital hemorrhage,ICD9CM-V32
19,37633,orbital edema,ICD9CM-V32
19,37634,intermittnt exophthalmos,ICD9CM-V32
19,37635,pulsating exophthalmos,ICD9CM-V32
19,37636,lateral globe displacmnt,ICD9CM-V32
19,3764,deformity of orbit*,ICD9CM-V32
19,37640,deformity of orbit nos,ICD9CM-V32
19,37641,hypertelorism of orbit,ICD9CM-V32
19,37642,exostosis of orbit,ICD9CM-V32
19,37643,orbt deform d/t bone dis,ICD9CM-V32
19,37644,craniofacial-orbit defor,ICD9CM-V32
19,37645,atrophy of orbit,ICD9CM-V32
19,37646,enlargement of orbit,ICD9CM-V32
19,37647,orbit deform d/t trauma,ICD9CM-V32
19,3765,enophthalmos*,ICD9CM-V32
19,37650,enophthalmos nos,ICD9CM-V32
19,37651,enophth d/t orbit atrphy,ICD9CM-V32
19,37652,enophthalmos d/t trauma,ICD9CM-V32
19,3766,"old foreign body, orbit",ICD9CM-V32
19,3768,other orbital disorders*,ICD9CM-V32
19,37681,orbital cysts,ICD9CM-V32
19,37682,extraocul muscl myopathy,ICD9CM-V32
19,37689,orbital disorders nec,ICD9CM-V32
19,3769,orbital disorder nos,ICD9CM-V32
19,377,disorders of optic nerve*,ICD9CM-V32
19,3770,papilledema*,ICD9CM-V32
19,37700,papilledema nos,ICD9CM-V32
19,37701,papilledema w incr press,ICD9CM-V32
19,37702,papilledema w decr press,ICD9CM-V32
19,37703,papilledema w retina dis,ICD9CM-V32
19,37704,foster-kennedy syndrome,ICD9CM-V32
19,3771,optic atrophy*,ICD9CM-V32
19,37710,optic atrophy nos,ICD9CM-V32
19,37711,primary optic atrophy,ICD9CM-V32
19,37712,postinflam optic atrophy,ICD9CM-V32
19,37713,optic atrph w retin dyst,ICD9CM-V32
19,37714,cupping of optic disc,ICD9CM-V32
19,37715,partial optic atrophy,ICD9CM-V32
19,37716,hereditary optic atrophy,ICD9CM-V32
19,3772,optic disc disorders nec*,ICD9CM-V32
19,37721,drusen of optic disc,ICD9CM-V32
19,37722,crater-like hole op disc,ICD9CM-V32
19,37723,coloboma of optic disc,ICD9CM-V32
19,37724,pseudopapilledema,ICD9CM-V32
19,3773,optic neuritis*,ICD9CM-V32
19,37730,optic neuritis nos,ICD9CM-V32
19,37731,optic papillitis,ICD9CM-V32
19,37732,retrobulbar neuritis,ICD9CM-V32
19,37733,nutrition optc neuropthy,ICD9CM-V32
19,37734,toxic optic neuropathy,ICD9CM-V32
19,37739,optic neuritis nec,ICD9CM-V32
19,3774,oth optic nerve disorder*,ICD9CM-V32
19,37741,ischemic optic neuropthy,ICD9CM-V32
19,37742,optic nerve sheath hemor,ICD9CM-V32
19,37743,optic nerve hypoplasia,ICD9CM-V32
19,37749,optic nerve disorder nec,ICD9CM-V32
19,3775,optic chiasm disorders*,ICD9CM-V32
19,37751,opt chiasm w pituit dis,ICD9CM-V32
19,37752,opt chiasm dis/neopl nec,ICD9CM-V32
19,37753,opt chiasm w vascul dis,ICD9CM-V32
19,37754,op chiasm dis w infl dis,ICD9CM-V32
19,3776,visual pathway dis nec*,ICD9CM-V32
19,37761,vis path dis w neoplasms,ICD9CM-V32
19,37762,vis path dis w vasc dis,ICD9CM-V32
19,37763,vis path dis w infl dis,ICD9CM-V32
19,3777,visual cortex disorders*,ICD9CM-V32
19,37771,vis cortx dis w neoplasm,ICD9CM-V32
19,37772,vis cortx dis w vasc dis,ICD9CM-V32
19,37773,vis cortex dis w inflam,ICD9CM-V32
19,37775,cortical blindness,ICD9CM-V32
19,3779,optic nerve disorder nos,ICD9CM-V32
19,378,strabismus*,ICD9CM-V32
19,3780,esotropia*,ICD9CM-V32
19,37800,esotropia nos,ICD9CM-V32
19,37801,monocular esotropia,ICD9CM-V32
19,37802,monoc esotrop w a pattrn,ICD9CM-V32
19,37803,monoc esotrop w v pattrn,ICD9CM-V32
19,37804,monoc esotrop w x/y pat,ICD9CM-V32
19,37805,alternating esotropia,ICD9CM-V32
19,37806,alt esotropia w a pattrn,ICD9CM-V32
19,37807,alt esotropia w v pattrn,ICD9CM-V32
19,37808,alt esotrop w x/y pattrn,ICD9CM-V32
19,3781,exotropia*,ICD9CM-V32
19,37810,exotropia nos,ICD9CM-V32
19,37811,monocular exotropia,ICD9CM-V32
19,37812,monoc exotrop w a pattrn,ICD9CM-V32
19,37813,monoc exotrop w v pattrn,ICD9CM-V32
19,37814,monoc exotrop w x/y pat,ICD9CM-V32
19,37815,alternating exotropia,ICD9CM-V32
19,37816,alt exotropia w a pattrn,ICD9CM-V32
19,37817,alt exotropia w v pattrn,ICD9CM-V32
19,37818,alt exotrop w x/y pattrn,ICD9CM-V32
19,3782,intermittnt heterotropia*,ICD9CM-V32
19,37820,intermit heterotrop nos,ICD9CM-V32
19,37821,intermit monoc esotropia,ICD9CM-V32
19,37822,intermit altrn esotropia,ICD9CM-V32
19,37823,intermit monoc exotropia,ICD9CM-V32
19,37824,intermit altrn exotropia,ICD9CM-V32
19,3783,heterotropia nec/nos*,ICD9CM-V32
19,37830,heterotropia nos,ICD9CM-V32
19,37831,hypertropia,ICD9CM-V32
19,37832,hypotropia,ICD9CM-V32
19,37833,cyclotropia,ICD9CM-V32
19,37834,monofixation syndrome,ICD9CM-V32
19,37835,accommodative esotropia,ICD9CM-V32
19,3784,heterophoria*,ICD9CM-V32
19,37840,heterophoria nos,ICD9CM-V32
19,37841,esophoria,ICD9CM-V32
19,37842,exophoria,ICD9CM-V32
19,37843,vertical heterophoria,ICD9CM-V32
19,37844,cyclophoria,ICD9CM-V32
19,37845,alternating hyperphoria,ICD9CM-V32
19,3785,paralytic strabismus*,ICD9CM-V32
19,37850,paralytic strabismus nos,ICD9CM-V32
19,37851,partial third nerv palsy,ICD9CM-V32
19,37852,total third nerve palsy,ICD9CM-V32
19,37853,fourth nerve palsy,ICD9CM-V32
19,37854,sixth nerve palsy,ICD9CM-V32
19,37855,external ophthalmoplegia,ICD9CM-V32
19,37856,total ophthalmoplegia,ICD9CM-V32
19,3786,mechanical strabismus*,ICD9CM-V32
19,37860,mechanical strabism nos,ICD9CM-V32
19,37861,brown's sheath syndrome,ICD9CM-V32
19,37862,mech strab d/t muscl dis,ICD9CM-V32
19,37863,mech strab w oth conditn,ICD9CM-V32
19,3787,strabismus nec*,ICD9CM-V32
19,37871,duane's syndrome,ICD9CM-V32
19,37872,prog ext ophthalmoplegia,ICD9CM-V32
19,37873,neuromuscle dis strabism,ICD9CM-V32
19,3788,oth binocular movmnt dis*,ICD9CM-V32
19,37881,palsy of conjugate gaze,ICD9CM-V32
19,37882,spasm of conjugate gaze,ICD9CM-V32
19,37883,convergenc insufficiency,ICD9CM-V32
19,37884,convergence excess,ICD9CM-V32
19,37885,anomalies of divergence,ICD9CM-V32
19,37886,internucl ophthalmopleg,ICD9CM-V32
19,37887,"skew deviation, eye",ICD9CM-V32
19,3789,eye movemnt disorder nos,ICD9CM-V32
19,379,eye disorders nec*,ICD9CM-V32
19,3790,scleritis/episcleritis*,ICD9CM-V32
19,37900,scleritis nos,ICD9CM-V32
19,37901,episclerit periodic fugx,ICD9CM-V32
19,37902,nodular episcleritis,ICD9CM-V32
19,37903,anterior scleritis,ICD9CM-V32
19,37904,scleromalacia perforans,ICD9CM-V32
19,37905,scleritis w cornea invol,ICD9CM-V32
19,37906,brawny scleritis,ICD9CM-V32
19,37907,posterior scleritis,ICD9CM-V32
19,37909,scleritis nec,ICD9CM-V32
19,3791,oth disorders of sclera*,ICD9CM-V32
19,37911,scleral ectasia,ICD9CM-V32
19,37912,staphyloma posticum,ICD9CM-V32
19,37913,equatorial staphyloma,ICD9CM-V32
19,37914,local anterior staphylma,ICD9CM-V32
19,37915,ring staphyloma,ICD9CM-V32
19,37916,scleral degen dis nec,ICD9CM-V32
19,37919,disorder of sclera nec,ICD9CM-V32
19,3792,vitreous body disorders*,ICD9CM-V32
19,37921,vitreous degeneration,ICD9CM-V32
19,37922,crystal deposit vitreous,ICD9CM-V32
19,37923,vitreous hemorrhage,ICD9CM-V32
19,37924,vitreous opacities nec,ICD9CM-V32
19,37925,vitreous membranes,ICD9CM-V32
19,37926,vitreous prolapse,ICD9CM-V32
19,37927,vitreomacular adhesion,ICD9CM-V32
19,37929,vitreous disorders nec,ICD9CM-V32
19,3793,other lens disorders*,ICD9CM-V32
19,37931,aphakia,ICD9CM-V32
19,37932,subluxation of lens,ICD9CM-V32
19,37933,ant dislocation of lens,ICD9CM-V32
19,37934,post dislocation of lens,ICD9CM-V32
19,37939,disorders of lens nec,ICD9CM-V32
19,3794,pupil function anomalies*,ICD9CM-V32
19,37940,abn pupil function nos,ICD9CM-V32
19,37941,anisocoria,ICD9CM-V32
19,37942,miosis not d/t miotics,ICD9CM-V32
19,37943,mydriasis not d/t mydrtc,ICD9CM-V32
19,37945,argyll robertson pupil,ICD9CM-V32
19,37946,tonic pupillary reaction,ICD9CM-V32
19,37949,pupil funct anomaly nec,ICD9CM-V32
19,3795,irregular eye movements*,ICD9CM-V32
19,37950,nystagmus nos,ICD9CM-V32
19,37951,congenital nystagmus,ICD9CM-V32
19,37952,latent nystagmus,ICD9CM-V32
19,37953,visual deprivatn nystagm,ICD9CM-V32
19,37954,nystagms w vestibulr dis,ICD9CM-V32
19,37955,dissociated nystagmus,ICD9CM-V32
19,37956,nystagmus nec,ICD9CM-V32
19,37957,saccadic eye movmnt def,ICD9CM-V32
19,37958,smooth pursuit mvmnt def,ICD9CM-V32
19,37959,irregular eye mvmnts nec,ICD9CM-V32
19,3796,*,ICD9CM-V32
19,37960,inflam postproc bleb nos,ICD9CM-V32
19,37961,"inflam postproc bleb, 1",ICD9CM-V32
19,37962,"inflam postproc bleb, 2",ICD9CM-V32
19,37963,"inflam postproc bleb, 3",ICD9CM-V32
19,3798,eye disorders nec,ICD9CM-V32
19,3799,eye disorders nos*,ICD9CM-V32
19,37990,eye disorder nos,ICD9CM-V32
19,37991,pain in or around eye,ICD9CM-V32
19,37992,swelling or mass of eye,ICD9CM-V32
19,37993,redness/discharge of eye,ICD9CM-V32
19,37999,ill-defined eye dis nec,ICD9CM-V32
20,401,essential hypertension*,ICD9CM-V32
20,4010,malignant hypertension,ICD9CM-V32
20,4011,benign hypertension,ICD9CM-V32
20,4019,hypertension nos,ICD9CM-V32
20,402,hypertensive heart dis*,ICD9CM-V32
20,4020,mal hypertensive hrt dis*,ICD9CM-V32
20,40200,mal hyp ht dis w/o hf,ICD9CM-V32
20,40201,mal hypert hrt dis w hf,ICD9CM-V32
20,4021,benign hyperten hrt dis*,ICD9CM-V32
20,40210,benign hyp ht dis w/o hf,ICD9CM-V32
20,40211,benign hyp ht dis w hf,ICD9CM-V32
20,4029,hypertensive hrt dis nos*,ICD9CM-V32
20,40290,hyp hrt dis nos w/o hf,ICD9CM-V32
20,40291,hyp ht dis nos w ht fail,ICD9CM-V32
20,403,hypertensive renal dis*,ICD9CM-V32
20,4030,mal hypertens renal dis*,ICD9CM-V32
20,40300,mal hy kid w cr kid i-iv,ICD9CM-V32
20,40301,mal hyp kid w cr kid v,ICD9CM-V32
20,4031,benign hypert renal dis*,ICD9CM-V32
20,40310,ben hy kid w cr kid i-iv,ICD9CM-V32
20,40311,ben hyp kid w cr kid v,ICD9CM-V32
20,4039,hypertens renal dis nos*,ICD9CM-V32
20,40390,hy kid nos w cr kid i-iv,ICD9CM-V32
20,40391,hyp kid nos w cr kid v,ICD9CM-V32
20,404,hyperten heart/renal dis*,ICD9CM-V32
20,4040,mal hypert hrt/renal dis*,ICD9CM-V32
20,40400,mal hy ht/kd i-iv w/o hf,ICD9CM-V32
20,40401,mal hyp ht/kd i-iv w hf,ICD9CM-V32
20,40402,mal hy ht/kd st v w/o hf,ICD9CM-V32
20,40403,mal hyp ht/kd stg v w hf,ICD9CM-V32
20,4041,ben hypert hrt/renal dis*,ICD9CM-V32
20,40410,ben hy ht/kd i-iv w/o hf,ICD9CM-V32
20,40411,ben hyp ht/kd i-iv w hf,ICD9CM-V32
20,40412,ben hy ht/kd st v w/o hf,ICD9CM-V32
20,40413,ben hyp ht/kd stg v w hf,ICD9CM-V32
20,4049,hypert hrt/renal dis nos*,ICD9CM-V32
20,40490,hy ht/kd nos i-iv w/o hf,ICD9CM-V32
20,40491,hyp ht/kd nos i-iv w hf,ICD9CM-V32
20,40492,hy ht/kd nos st v w/o hf,ICD9CM-V32
20,40493,hyp ht/kd nos st v w hf,ICD9CM-V32
20,405,secondary hypertension*,ICD9CM-V32
20,4050,mal second hypertension*,ICD9CM-V32
20,40501,mal renovasc hypertens,ICD9CM-V32
20,40509,mal second hyperten nec,ICD9CM-V32
20,4051,benign second hypertens*,ICD9CM-V32
20,40511,benign renovasc hyperten,ICD9CM-V32
20,40519,benign second hypert nec,ICD9CM-V32
20,4059,second hypertension nos*,ICD9CM-V32
20,40591,renovasc hypertension,ICD9CM-V32
20,40599,second hypertension nec,ICD9CM-V32
21,410,acute myocardial infarct*,ICD9CM-V32
21,4100,ami anterolateral wall*,ICD9CM-V32
21,41000,"ami anterolateral,unspec",ICD9CM-V32
21,41001,"ami anterolateral, init",ICD9CM-V32
21,41002,"ami anterolateral,subseq",ICD9CM-V32
21,4101,ami anterior wall nec*,ICD9CM-V32
21,41010,"ami anterior wall,unspec",ICD9CM-V32
21,41011,"ami anterior wall, init",ICD9CM-V32
21,41012,"ami anterior wall,subseq",ICD9CM-V32
21,4102,ami inferolateral wall*,ICD9CM-V32
21,41020,"ami inferolateral,unspec",ICD9CM-V32
21,41021,"ami inferolateral, init",ICD9CM-V32
21,41022,"ami inferolateral,subseq",ICD9CM-V32
21,4103,ami inferoposterior wall*,ICD9CM-V32
21,41030,"ami inferopost, unspec",ICD9CM-V32
21,41031,"ami inferopost, initial",ICD9CM-V32
21,41032,"ami inferopost, subseq",ICD9CM-V32
21,4104,ami inferior wall nec*,ICD9CM-V32
21,41040,"ami inferior wall,unspec",ICD9CM-V32
21,41041,"ami inferior wall, init",ICD9CM-V32
21,41042,"ami inferior wall,subseq",ICD9CM-V32
21,4105,ami lateral wall nec*,ICD9CM-V32
21,41050,"ami lateral nec, unspec",ICD9CM-V32
21,41051,"ami lateral nec, initial",ICD9CM-V32
21,41052,"ami lateral nec, subseq",ICD9CM-V32
21,4106,true posterior infarct*,ICD9CM-V32
21,41060,"true post infarct,unspec",ICD9CM-V32
21,41061,"true post infarct, init",ICD9CM-V32
21,41062,"true post infarct,subseq",ICD9CM-V32
21,4107,subendocardial infarct*,ICD9CM-V32
21,41070,"subendo infarct, unspec",ICD9CM-V32
21,41071,"subendo infarct, initial",ICD9CM-V32
21,41072,"subendo infarct, subseq",ICD9CM-V32
21,4108,myocardial infarct nec*,ICD9CM-V32
21,41080,"ami nec, unspecified",ICD9CM-V32
21,41081,"ami nec, initial",ICD9CM-V32
21,41082,"ami nec, subsequent",ICD9CM-V32
21,4109,myocardial infarct nos*,ICD9CM-V32
21,41090,"ami nos, unspecified",ICD9CM-V32
21,41091,"ami nos, initial",ICD9CM-V32
21,41092,"ami nos, subsequent",ICD9CM-V32
21,411,oth ac ischemic hrt dis*,ICD9CM-V32
21,4110,post mi syndrome,ICD9CM-V32
21,4111,intermed coronary synd,ICD9CM-V32
21,4118,ac ischemic hrt dis nec*,ICD9CM-V32
21,41181,acute cor occlsn w/o mi,ICD9CM-V32
21,41189,ac ischemic hrt dis nec,ICD9CM-V32
21,412,old myocardial infarct,ICD9CM-V32
21,413,angina pectoris*,ICD9CM-V32
21,4130,angina decubitus,ICD9CM-V32
21,4131,prinzmetal angina,ICD9CM-V32
21,4139,angina pectoris nec/nos,ICD9CM-V32
21,414,oth chr ischemic hrt dis*,ICD9CM-V32
21,4140,coronary atherosclerosis*,ICD9CM-V32
21,41400,cor ath unsp vsl ntv/gft,ICD9CM-V32
21,41401,crnry athrscl natve vssl,ICD9CM-V32
21,41402,crn ath atlg vn bps grft,ICD9CM-V32
21,41403,crn ath nonatlg blg grft,ICD9CM-V32
21,41404,cor ath artry bypas grft,ICD9CM-V32
21,41405,cor ath bypass graft nos,ICD9CM-V32
21,41406,cor ath natv art tp hrt,ICD9CM-V32
21,41407,cor ath bps graft tp hrt,ICD9CM-V32
21,4141,aneurysm of heart*,ICD9CM-V32
21,41410,aneurysm of heart,ICD9CM-V32
21,41411,aneurysm coronary vessel,ICD9CM-V32
21,41412,dissection cor artery,ICD9CM-V32
21,41419,aneurysm of heart nec,ICD9CM-V32
21,4142,chr tot occlus cor artry,ICD9CM-V32
21,4143,cor ath d/t lpd rch plaq,ICD9CM-V32
21,4144,cor ath d/t calc cor lsn,ICD9CM-V32
21,4148,chr ischemic hrt dis nec,ICD9CM-V32
21,4149,chr ischemic hrt dis nos,ICD9CM-V32
22,420,acute pericarditis*,ICD9CM-V32
22,4200,ac pericardit in oth dis,ICD9CM-V32
22,4209,ac pericarditis nec/nos*,ICD9CM-V32
22,42090,acute pericarditis nos,ICD9CM-V32
22,42091,ac idiopath pericarditis,ICD9CM-V32
22,42099,acute pericarditis nec,ICD9CM-V32
22,421,ac/subac endocarditis*,ICD9CM-V32
22,4210,ac/subac bact endocard,ICD9CM-V32
22,4211,ac endocardit in oth dis,ICD9CM-V32
22,4219,ac/subac endocardit nos,ICD9CM-V32
22,422,acute myocarditis*,ICD9CM-V32
22,4220,ac myocardit in oth dis,ICD9CM-V32
22,4229,ac myocarditis nec/nos*,ICD9CM-V32
22,42290,acute myocarditis nos,ICD9CM-V32
22,42291,idiopathic myocarditis,ICD9CM-V32
22,42292,septic myocarditis,ICD9CM-V32
22,42293,toxic myocarditis,ICD9CM-V32
22,42299,acute myocarditis nec,ICD9CM-V32
22,423,oth pericardial disease*,ICD9CM-V32
22,4230,hemopericardium,ICD9CM-V32
22,4231,adhesive pericarditis,ICD9CM-V32
22,4232,constrictiv pericarditis,ICD9CM-V32
22,4233,cardiac tamponade,ICD9CM-V32
22,4238,pericardial disease nec,ICD9CM-V32
22,4239,pericardial disease nos,ICD9CM-V32
22,424,oth endocardial disease*,ICD9CM-V32
22,4240,mitral valve disorder,ICD9CM-V32
22,4241,aortic valve disorder,ICD9CM-V32
22,4242,nonrheum tricusp val dis,ICD9CM-V32
22,4243,pulmonary valve disorder,ICD9CM-V32
22,4249,endocarditis nos*,ICD9CM-V32
22,42490,endocarditis nos,ICD9CM-V32
22,42491,endocarditis in oth dis,ICD9CM-V32
22,42499,endocarditis nec,ICD9CM-V32
22,425,cardiomyopathy*,ICD9CM-V32
22,4250,endomyocardial fibrosis,ICD9CM-V32
22,4251,hypertr obstr cardiomyop#,ICD9CM-V32
22,42511,hyprtrophc obst cardiomy,ICD9CM-V32
22,42518,oth hyprtrophic cardiomy,ICD9CM-V32
22,4252,obsc afric cardiomyopath,ICD9CM-V32
22,4253,endocard fibroelastosis,ICD9CM-V32
22,4254,prim cardiomyopathy nec,ICD9CM-V32
22,4255,alcoholic cardiomyopathy,ICD9CM-V32
22,4257,metabolic cardiomyopathy,ICD9CM-V32
22,4258,cardiomyopath in oth dis,ICD9CM-V32
22,4259,second cardiomyopath nos,ICD9CM-V32
22,426,conduction disorders*,ICD9CM-V32
22,4260,atriovent block complete,ICD9CM-V32
22,4261,atriovent block nec/nos*,ICD9CM-V32
22,42610,atriovent block nos,ICD9CM-V32
22,42611,atriovent block-1st degr,ICD9CM-V32
22,42612,atrioven block-mobitz ii,ICD9CM-V32
22,42613,av block-2nd degree nec,ICD9CM-V32
22,4262,left bb hemiblock,ICD9CM-V32
22,4263,left bb block nec,ICD9CM-V32
22,4264,rt bundle branch block,ICD9CM-V32
22,4265,bundl branch blk nec/nos*,ICD9CM-V32
22,42650,bundle branch block nos,ICD9CM-V32
22,42651,rt bbb/lft post fasc blk,ICD9CM-V32
22,42652,rt bbb/lft ant fasc blk,ICD9CM-V32
22,42653,bilat bb block nec,ICD9CM-V32
22,42654,trifascicular block,ICD9CM-V32
22,4266,other heart block,ICD9CM-V32
22,4267,anomalous av excitation,ICD9CM-V32
22,4268,conduction disorder nec*,ICD9CM-V32
22,42681,lown-ganong-levine synd,ICD9CM-V32
22,42682,long qt syndrome,ICD9CM-V32
22,42689,conduction disorder nec,ICD9CM-V32
22,4269,conduction disorder nos,ICD9CM-V32
22,427,cardiac dysrhythmias*,ICD9CM-V32
22,4270,parox atrial tachycardia,ICD9CM-V32
22,4271,parox ventric tachycard,ICD9CM-V32
22,4272,parox tachycardia nos,ICD9CM-V32
22,4273,atrial fibrill/flutter*,ICD9CM-V32
22,42731,atrial fibrillation,ICD9CM-V32
22,42732,atrial flutter,ICD9CM-V32
22,4274,ventric fibrill/flutter*,ICD9CM-V32
22,42741,ventricular fibrillation,ICD9CM-V32
22,42742,ventricular flutter,ICD9CM-V32
22,4275,cardiac arrest,ICD9CM-V32
22,4276,premature beats*,ICD9CM-V32
22,42760,premature beats nos,ICD9CM-V32
22,42761,atrial premature beats,ICD9CM-V32
22,42769,premature beats nec,ICD9CM-V32
22,4278,cardiac dysrhythmias nec*,ICD9CM-V32
22,42781,sinoatrial node dysfunct,ICD9CM-V32
22,42789,cardiac dysrhythmias nec,ICD9CM-V32
22,4279,cardiac dysrhythmia nos,ICD9CM-V32
22,428,heart failure*,ICD9CM-V32
22,4280,chf nos,ICD9CM-V32
22,4281,left heart failure,ICD9CM-V32
22,4282,*,ICD9CM-V32
22,42820,systolic hrt failure nos,ICD9CM-V32
22,42821,ac systolic hrt failure,ICD9CM-V32
22,42822,chr systolic hrt failure,ICD9CM-V32
22,42823,ac on chr syst hrt fail,ICD9CM-V32
22,4283,*,ICD9CM-V32
22,42830,diastolc hrt failure nos,ICD9CM-V32
22,42831,ac diastolic hrt failure,ICD9CM-V32
22,42832,chr diastolic hrt fail,ICD9CM-V32
22,42833,ac on chr diast hrt fail,ICD9CM-V32
22,4284,*,ICD9CM-V32
22,42840,syst/diast hrt fail nos,ICD9CM-V32
22,42841,ac syst/diastol hrt fail,ICD9CM-V32
22,42842,chr syst/diastl hrt fail,ICD9CM-V32
22,42843,ac/chr syst/dia hrt fail,ICD9CM-V32
22,4289,heart failure nos,ICD9CM-V32
22,429,ill-defined heart dis*,ICD9CM-V32
22,4290,myocarditis nos,ICD9CM-V32
22,4291,myocardial degeneration,ICD9CM-V32
22,4292,ascvd,ICD9CM-V32
22,4293,cardiomegaly,ICD9CM-V32
22,4294,hrt dis postcardiac surg,ICD9CM-V32
22,4295,chordae tendinae rupture,ICD9CM-V32
22,4296,papillary muscle rupture,ICD9CM-V32
22,4297,*,ICD9CM-V32
22,42971,acq cardiac septl defect,ICD9CM-V32
22,42979,other sequelae of mi nec,ICD9CM-V32
22,4298,ill-defined hrt dis nec*,ICD9CM-V32
22,42981,papillary muscle dis nec,ICD9CM-V32
22,42982,hyperkinetic heart dis,ICD9CM-V32
22,42983,takotsubo syndrome,ICD9CM-V32
22,42989,ill-defined hrt dis nec,ICD9CM-V32
22,4299,heart disease nos,ICD9CM-V32
23,430,subarachnoid hemorrhage,ICD9CM-V32
23,431,intracerebral hemorrhage,ICD9CM-V32
23,432,intracranial hem nec/nos*,ICD9CM-V32
23,4320,nontraum extradural hem,ICD9CM-V32
23,4321,subdural hemorrhage,ICD9CM-V32
23,4329,intracranial hemorr nos,ICD9CM-V32
23,433,precerebral occlusion*,ICD9CM-V32
23,4330,basilar artery occlusion*,ICD9CM-V32
23,43300,ocl bslr art wo infrct,ICD9CM-V32
23,43301,ocl bslr art w infrct,ICD9CM-V32
23,4331,carotid artery occlusion*,ICD9CM-V32
23,43310,ocl crtd art wo infrct,ICD9CM-V32
23,43311,ocl crtd art w infrct,ICD9CM-V32
23,4332,vertebral art occlusion*,ICD9CM-V32
23,43320,ocl vrtb art wo infrct,ICD9CM-V32
23,43321,ocl vrtb art w infrct,ICD9CM-V32
23,4333,mult precereb occlusion*,ICD9CM-V32
23,43330,ocl mlt bi art wo infrct,ICD9CM-V32
23,43331,ocl mlt bi art w infrct,ICD9CM-V32
23,4338,precereb occlusion nec*,ICD9CM-V32
23,43380,ocl spcf art wo infrct,ICD9CM-V32
23,43381,ocl spcf art w infrct,ICD9CM-V32
23,4339,precereb occlusion nos*,ICD9CM-V32
23,43390,ocl art nos wo infrct,ICD9CM-V32
23,43391,ocl art nos w infrct,ICD9CM-V32
23,434,cerebral artery occlus*,ICD9CM-V32
23,4340,cerebral thrombosis*,ICD9CM-V32
23,43400,crbl thrmbs wo infrct,ICD9CM-V32
23,43401,crbl thrmbs w infrct,ICD9CM-V32
23,4341,cerebral embolism*,ICD9CM-V32
23,43410,crbl emblsm wo infrct,ICD9CM-V32
23,43411,crbl emblsm w infrct,ICD9CM-V32
23,4349,cerebr artery occlus nos*,ICD9CM-V32
23,43490,crbl art oc nos wo infrc,ICD9CM-V32
23,43491,crbl art ocl nos w infrc,ICD9CM-V32
23,435,transient cereb ischemia*,ICD9CM-V32
23,4350,basilar artery syndrome,ICD9CM-V32
23,4351,vertebral artery syndrom,ICD9CM-V32
23,4352,subclavian steal syndrom,ICD9CM-V32
23,4353,vertbrobaslr artery synd,ICD9CM-V32
23,4358,trans cereb ischemia nec,ICD9CM-V32
23,4359,trans cereb ischemia nos,ICD9CM-V32
23,436,cva,ICD9CM-V32
23,437,oth cerebrovasc disease*,ICD9CM-V32
23,4370,cerebral atherosclerosis,ICD9CM-V32
23,4371,ac cerebrovasc insuf nos,ICD9CM-V32
23,4372,hypertens encephalopathy,ICD9CM-V32
23,4373,nonrupt cerebral aneurym,ICD9CM-V32
23,4374,cerebral arteritis,ICD9CM-V32
23,4375,moyamoya disease,ICD9CM-V32
23,4376,nonpyogen thrombos sinus,ICD9CM-V32
23,4377,transient global amnesia,ICD9CM-V32
23,4378,cerebrovasc disease nec,ICD9CM-V32
23,4379,cerebrovasc disease nos,ICD9CM-V32
23,438,late eff cerebrovasc dis*,ICD9CM-V32
23,4380,late ef cv dis-cognf def,ICD9CM-V32
23,4381,*,ICD9CM-V32
23,43810,late ef-spch/lng def nos,ICD9CM-V32
23,43811,late eff cv dis-aphasia,ICD9CM-V32
23,43812,late eff cv dis-dysphsia,ICD9CM-V32
23,43813,late eff cv-dysarthria,ICD9CM-V32
23,43814,late eff cv-fluency dis,ICD9CM-V32
23,43819,late ef-spch/lang df nec,ICD9CM-V32
23,4382,*,ICD9CM-V32
23,43820,late ef-hemplga side nos,ICD9CM-V32
23,43821,late ef-hemplga dom side,ICD9CM-V32
23,43822,late ef-hemiplga non-dom,ICD9CM-V32
23,4383,*,ICD9CM-V32
23,43830,late ef-mplga up lmb nos,ICD9CM-V32
23,43831,late ef-mplga up lmb dom,ICD9CM-V32
23,43832,lt ef-mplga uplmb nondom,ICD9CM-V32
23,4384,*,ICD9CM-V32
23,43840,lte ef-mplga low lmb nos,ICD9CM-V32
23,43841,lte ef-mplga low lmb dom,ICD9CM-V32
23,43842,lt ef-mplga lowlmb nondm,ICD9CM-V32
23,4385,*,ICD9CM-V32
23,43850,lt ef oth paral side nos,ICD9CM-V32
23,43851,lt ef oth paral dom side,ICD9CM-V32
23,43852,lt ef oth parals non-dom,ICD9CM-V32
23,43853,lt ef oth parals-bilat,ICD9CM-V32
23,4386,alteration of sensations,ICD9CM-V32
23,4387,disturbances of vision,ICD9CM-V32
23,4388,*,ICD9CM-V32
23,43881,late eff cv dis-apraxia,ICD9CM-V32
23,43882,late ef cv dis dysphagia,ICD9CM-V32
23,43883,facial weakness,ICD9CM-V32
23,43884,ataxia,ICD9CM-V32
23,43885,vertigo,ICD9CM-V32
23,43889,late effect cv dis nec,ICD9CM-V32
23,4389,late effect cv dis nos,ICD9CM-V32
24,440,atherosclerosis*,ICD9CM-V32
24,4400,aortic atherosclerosis,ICD9CM-V32
24,4401,renal artery atheroscler,ICD9CM-V32
24,4402,atheroscleros-extremity*,ICD9CM-V32
24,44020,athscl extrm ntv art nos,ICD9CM-V32
24,44021,ath ext ntv at w claudct,ICD9CM-V32
24,44022,ath ext ntv at w rst pn,ICD9CM-V32
24,44023,ath ext ntv art ulcrtion,ICD9CM-V32
24,44024,ath ext ntv art gngrene,ICD9CM-V32
24,44029,athrsc extrm ntv art oth,ICD9CM-V32
24,4403,*,ICD9CM-V32
24,44030,athscl extrm bps gft nos,ICD9CM-V32
24,44031,ath ext autologs bps gft,ICD9CM-V32
24,44032,ath ext nonautlg bps gft,ICD9CM-V32
24,4404,chr tot occl art extrem,ICD9CM-V32
24,4408,atherosclerosis nec,ICD9CM-V32
24,4409,atherosclerosis nos,ICD9CM-V32
24,441,aortic aneurysm*,ICD9CM-V32
24,4410,dissecting aneurysm*,ICD9CM-V32
24,44100,dsct of aorta unsp site,ICD9CM-V32
24,44101,dsct of thoracic aorta,ICD9CM-V32
24,44102,dsct of abdominal aorta,ICD9CM-V32
24,44103,dsct of thoracoabd aorta,ICD9CM-V32
24,4411,ruptur thoracic aneurysm,ICD9CM-V32
24,4412,thoracic aortic aneurysm,ICD9CM-V32
24,4413,rupt abd aortic aneurysm,ICD9CM-V32
24,4414,abdom aortic aneurysm,ICD9CM-V32
24,4415,rupt aortic aneurysm nos,ICD9CM-V32
24,4416,thoracoabd aneurysm rupt,ICD9CM-V32
24,4417,thracabd anurysm wo rupt,ICD9CM-V32
24,4419,aortic aneurysm nos,ICD9CM-V32
24,442,other aneurysm*,ICD9CM-V32
24,4420,upper extremity aneurysm,ICD9CM-V32
24,4421,renal artery aneurysm,ICD9CM-V32
24,4422,iliac artery aneurysm,ICD9CM-V32
24,4423,lower extremity aneurysm,ICD9CM-V32
24,4428,aneurysm nec*,ICD9CM-V32
24,44281,aneurysm of neck,ICD9CM-V32
24,44282,subclavian aneurysm,ICD9CM-V32
24,44283,splenic artery aneurysm,ICD9CM-V32
24,44284,visceral aneurysm nec,ICD9CM-V32
24,44289,aneurysm nec,ICD9CM-V32
24,4429,aneurysm nos,ICD9CM-V32
24,443,oth periph vascular dis*,ICD9CM-V32
24,4430,raynaud's syndrome,ICD9CM-V32
24,4431,thromboangiit obliterans,ICD9CM-V32
24,4432,*,ICD9CM-V32
24,44321,dissect carotid artery,ICD9CM-V32
24,44322,dissection iliac artery,ICD9CM-V32
24,44323,dissection renal artery,ICD9CM-V32
24,44324,dissect vertebral artery,ICD9CM-V32
24,44329,dissection artery nec,ICD9CM-V32
24,4438,periph vascular dis nec*,ICD9CM-V32
24,44381,angiopathy in other dis,ICD9CM-V32
24,44382,erythromelalgia,ICD9CM-V32
24,44389,periph vascular dis nec,ICD9CM-V32
24,4439,periph vascular dis nos,ICD9CM-V32
24,444,arterial embolism*,ICD9CM-V32
24,4440,abd aortic embolism#,ICD9CM-V32
24,44401,saddle embolus abd aorta,ICD9CM-V32
24,44409,ot art emb/thrm abd aort,ICD9CM-V32
24,4441,thoracic aortic embolism,ICD9CM-V32
24,4442,embolism of extremity*,ICD9CM-V32
24,44421,upper extremity embolism,ICD9CM-V32
24,44422,lower extremity embolism,ICD9CM-V32
24,4448,arterial embolism nec*,ICD9CM-V32
24,44481,iliac artery embolism,ICD9CM-V32
24,44489,arterial embolism nec,ICD9CM-V32
24,4449,arterial embolism nos,ICD9CM-V32
24,445,*,ICD9CM-V32
24,4450,*,ICD9CM-V32
24,44501,"atheroembolism,upper ext",ICD9CM-V32
24,44502,"atheroembolism,lower ext",ICD9CM-V32
24,4458,*,ICD9CM-V32
24,44581,"atheroembolism, kidney",ICD9CM-V32
24,44589,"atheroembolism, site nec",ICD9CM-V32
24,446,polyarterit nodosa et al*,ICD9CM-V32
24,4460,polyarteritis nodosa,ICD9CM-V32
24,4461,mucocutan lymph node syn,ICD9CM-V32
24,4462,hypersensitiv angiitis*,ICD9CM-V32
24,44620,hypersensit angiitis nos,ICD9CM-V32
24,44621,goodpasture's syndrome,ICD9CM-V32
24,44629,hypersensit angiitis nec,ICD9CM-V32
24,4463,lethal midline granuloma,ICD9CM-V32
24,4464,wegener's granulomatosis,ICD9CM-V32
24,4465,giant cell arteritis,ICD9CM-V32
24,4466,thrombot microangiopathy,ICD9CM-V32
24,4467,takayasu's disease,ICD9CM-V32
24,447,other arterial disease*,ICD9CM-V32
24,4470,acq arterioven fistula,ICD9CM-V32
24,4471,stricture of artery,ICD9CM-V32
24,4472,rupture of artery,ICD9CM-V32
24,4473,renal artery hyperplasia,ICD9CM-V32
24,4474,celiac art compress syn,ICD9CM-V32
24,4475,necrosis of artery,ICD9CM-V32
24,4476,arteritis nos,ICD9CM-V32
24,4477,*,ICD9CM-V32
24,44770,"aortic ectasia, site nos",ICD9CM-V32
24,44771,thoracic aortic ectasia,ICD9CM-V32
24,44772,abdominal aortic ectasia,ICD9CM-V32
24,44773,thoracoabd aortc ectasia,ICD9CM-V32
24,4478,arterial disease nec,ICD9CM-V32
24,4479,arterial disease nos,ICD9CM-V32
24,448,disease of capillaries*,ICD9CM-V32
24,4480,heredit hemorr telangiec,ICD9CM-V32
24,4481,"nevus, non-neoplastic",ICD9CM-V32
24,4489,capillary dis nec/nos,ICD9CM-V32
25,451,thrombophlebitis*,ICD9CM-V32
25,4510,superfic phlebitis-leg,ICD9CM-V32
25,4511,deep phlebitis-leg*,ICD9CM-V32
25,45111,femoral vein phlebitis,ICD9CM-V32
25,45119,deep phlebitis-leg nec,ICD9CM-V32
25,4512,thrombophlebitis leg nos,ICD9CM-V32
25,4518,thrombophlebitis nec*,ICD9CM-V32
25,45181,iliac thrombophlebitis,ICD9CM-V32
25,45182,phlbts sprfc vn up extrm,ICD9CM-V32
25,45183,phlbts deep vn up extrm,ICD9CM-V32
25,45184,phlbts vn nos up extrm,ICD9CM-V32
25,45189,thrombophlebitis nec,ICD9CM-V32
25,4519,thrombophlebitis nos,ICD9CM-V32
25,452,portal vein thrombosis,ICD9CM-V32
25,453,oth venous thrombosis*,ICD9CM-V32
25,4530,budd-chiari syndrome,ICD9CM-V32
25,4531,thrombophlebitis migrans,ICD9CM-V32
25,4532,oth inf vena cava thromb,ICD9CM-V32
25,4533,renal vein thrombosis,ICD9CM-V32
25,4534,*,ICD9CM-V32
25,45340,ac dvt/embl low ext nos,ICD9CM-V32
25,45341,ac dvt/emb prox low ext,ICD9CM-V32
25,45342,ac dvt/emb distl low ext,ICD9CM-V32
25,4535,*,ICD9CM-V32
25,45350,ch dvt/embl low ext nos,ICD9CM-V32
25,45351,ch dvt/embl prox low ext,ICD9CM-V32
25,45352,ch dvt/embl dstl low ext,ICD9CM-V32
25,4536,embl suprfcl ves low ext,ICD9CM-V32
25,4537,*,ICD9CM-V32
25,45371,ch emblsm suprfcl up ext,ICD9CM-V32
25,45372,ch dvt/embl up ext,ICD9CM-V32
25,45373,ch emblsm up ext nos,ICD9CM-V32
25,45374,ch emblsm axillary veins,ICD9CM-V32
25,45375,ch emblsm subclav veins,ICD9CM-V32
25,45376,ch embl internl jug vein,ICD9CM-V32
25,45377,ch embl thorac vein nec,ICD9CM-V32
25,45379,ch emblsm veins nec,ICD9CM-V32
25,4538,venous thrombosis nec#,ICD9CM-V32
25,45381,ac embl suprfcl up ext,ICD9CM-V32
25,45382,ac dvt/embl up ext,ICD9CM-V32
25,45383,ac emblsm up ext nos,ICD9CM-V32
25,45384,ac emblsm axillary veins,ICD9CM-V32
25,45385,ac embl subclav veins,ICD9CM-V32
25,45386,ac embl internl jug vein,ICD9CM-V32
25,45387,ac embl thorac vein nec,ICD9CM-V32
25,45389,ac embolism veins nec,ICD9CM-V32
25,4539,venous thrombosis nos,ICD9CM-V32
25,454,"varicose veins, leg*",ICD9CM-V32
25,4540,leg varicosity w ulcer,ICD9CM-V32
25,4541,leg varicosity w inflam,ICD9CM-V32
25,4542,varicos leg ulcer/inflam,ICD9CM-V32
25,4548,"varic vein leg,comp nec",ICD9CM-V32
25,4549,asympt varicose veins,ICD9CM-V32
25,455,hemorrhoids*,ICD9CM-V32
25,4550,int hemorrhoid w/o compl,ICD9CM-V32
25,4551,int thrombos hemorrhoid,ICD9CM-V32
25,4552,int hemrrhoid w comp nec,ICD9CM-V32
25,4553,ext hemorrhoid w/o compl,ICD9CM-V32
25,4554,ext thrombos hemorrhoid,ICD9CM-V32
25,4555,ext hemrrhoid w comp nec,ICD9CM-V32
25,4556,hemorrhoids nos,ICD9CM-V32
25,4557,thrombos hemorrhoids nos,ICD9CM-V32
25,4558,hemrrhoid nos w comp nec,ICD9CM-V32
25,4559,residual hemorrhoid tags,ICD9CM-V32
25,456,varicose veins nec*,ICD9CM-V32
25,4560,esophag varices w bleed,ICD9CM-V32
25,4561,esoph varices w/o bleed,ICD9CM-V32
25,4562,esoph varices in oth dis*,ICD9CM-V32
25,45620,bleed esoph var oth dis,ICD9CM-V32
25,45621,esoph varice oth dis nos,ICD9CM-V32
25,4563,sublingual varices,ICD9CM-V32
25,4564,scrotal varices,ICD9CM-V32
25,4565,pelvic varices,ICD9CM-V32
25,4566,vulval varices,ICD9CM-V32
25,4568,varices of other sites,ICD9CM-V32
25,457,noninfect lymphatic dis*,ICD9CM-V32
25,4570,postmastect lymphedema,ICD9CM-V32
25,4571,other lymphedema,ICD9CM-V32
25,4572,lymphangitis,ICD9CM-V32
25,4578,noninfect lymph dis nec,ICD9CM-V32
25,4579,noninfect lymph dis nos,ICD9CM-V32
25,458,hypotension*,ICD9CM-V32
25,4580,orthostatic hypotension,ICD9CM-V32
25,4581,chronic hypotension,ICD9CM-V32
25,4582,iatrogenic hypotension#,ICD9CM-V32
25,45821,hemododialysis hypotensn,ICD9CM-V32
25,45829,iatrogenc hypotnsion nec,ICD9CM-V32
25,4588,hypotension nec,ICD9CM-V32
25,4589,hypotension nos,ICD9CM-V32
25,459,oth circulatory disease*,ICD9CM-V32
25,4590,hemorrhage nos,ICD9CM-V32
25,4591,postphlebitic syndrome#,ICD9CM-V32
25,45910,postphlbtc synd w/o comp,ICD9CM-V32
25,45911,postphlebtc synd w ulcer,ICD9CM-V32
25,45912,postphlebtc syn w inflam,ICD9CM-V32
25,45913,postphl syn w ulc&inflam,ICD9CM-V32
25,45919,postphleb synd comp nec,ICD9CM-V32
25,4592,compression of vein,ICD9CM-V32
25,4593,*,ICD9CM-V32
25,45930,chr venous hypr w/o comp,ICD9CM-V32
25,45931,chr venous hyper w ulcer,ICD9CM-V32
25,45932,chr venous hypr w inflam,ICD9CM-V32
25,45933,chr ven hyp w ulc&inflam,ICD9CM-V32
25,45939,chr venous hyp comp nec,ICD9CM-V32
25,4598,oth circulatory disease*,ICD9CM-V32
25,45981,venous insufficiency nos,ICD9CM-V32
25,45989,circulatory disease nec,ICD9CM-V32
25,4599,circulatory disease nos,ICD9CM-V32
26,470,deviated nasal septum,ICD9CM-V32
26,471,nasal polyps*,ICD9CM-V32
26,4710,polyp of nasal cavity,ICD9CM-V32
26,4711,polypoid sinus degen,ICD9CM-V32
26,4718,nasal sinus polyp nec,ICD9CM-V32
26,4719,nasal polyp nos,ICD9CM-V32
26,472,chr pharyng/nasopharyng*,ICD9CM-V32
26,4720,chronic rhinitis,ICD9CM-V32
26,4721,chronic pharyngitis,ICD9CM-V32
26,4722,chronic nasopharyngitis,ICD9CM-V32
26,473,chronic sinusitis*,ICD9CM-V32
26,4730,chr maxillary sinusitis,ICD9CM-V32
26,4731,chr frontal sinusitis,ICD9CM-V32
26,4732,chr ethmoidal sinusitis,ICD9CM-V32
26,4733,chr sphenoidal sinusitis,ICD9CM-V32
26,4738,chronic sinusitis nec,ICD9CM-V32
26,4739,chronic sinusitis nos,ICD9CM-V32
26,474,chr t & a dis*,ICD9CM-V32
26,4740,chronic tonsillitis*,ICD9CM-V32
26,47400,chronic tonsillitis,ICD9CM-V32
26,47401,chronic adenoiditis,ICD9CM-V32
26,47402,chronic tonsils&adenoids,ICD9CM-V32
26,4741,t & a hypertrophy*,ICD9CM-V32
26,47410,hypertrophy t and a,ICD9CM-V32
26,47411,hypertrophy tonsils,ICD9CM-V32
26,47412,hypertrophy adenoids,ICD9CM-V32
26,4742,adenoid vegetations,ICD9CM-V32
26,4748,chr t & a dis nec,ICD9CM-V32
26,4749,chr t & a dis nos,ICD9CM-V32
26,475,peritonsillar abscess,ICD9CM-V32
26,476,chr laryng/laryngotrach*,ICD9CM-V32
26,4760,chronic laryngitis,ICD9CM-V32
26,4761,chr laryngotracheitis,ICD9CM-V32
26,477,allergic rhinitis*,ICD9CM-V32
26,4770,rhinitis due to pollen,ICD9CM-V32
26,4771,allergic rhinitis-food,ICD9CM-V32
26,4772,allerg rhinitis-cat/dog,ICD9CM-V32
26,4778,allergic rhinitis nec,ICD9CM-V32
26,4779,allergic rhinitis nos,ICD9CM-V32
26,478,oth uppr respiratory dis*,ICD9CM-V32
26,4780,hypertrph nasal turbinat,ICD9CM-V32
26,4781,nasal & sinus dis nec#,ICD9CM-V32
26,47811,nasal mucositis (ulcer),ICD9CM-V32
26,47819,nasal & sinus dis nec,ICD9CM-V32
26,4782,disease of pharynx nec*,ICD9CM-V32
26,47820,disease of pharynx nos,ICD9CM-V32
26,47821,cellulitis of pharynx,ICD9CM-V32
26,47822,parapharyngeal abscess,ICD9CM-V32
26,47824,retropharyngeal abscess,ICD9CM-V32
26,47825,edema pharynx/nasopharyx,ICD9CM-V32
26,47826,cyst pharynx/nasopharynx,ICD9CM-V32
26,47829,disease of pharynx nec,ICD9CM-V32
26,4783,paral vocal cord/larynx*,ICD9CM-V32
26,47830,vocal cord paralysis nos,ICD9CM-V32
26,47831,vocal paral unilat part,ICD9CM-V32
26,47832,vocal paral unilat total,ICD9CM-V32
26,47833,vocal paral bilat part,ICD9CM-V32
26,47834,vocal paral bilat total,ICD9CM-V32
26,4784,vocal cord/larynx polyp,ICD9CM-V32
26,4785,vocal cord disease nec,ICD9CM-V32
26,4786,edema of larynx,ICD9CM-V32
26,4787,other disease of larynx*,ICD9CM-V32
26,47870,disease of larynx nos,ICD9CM-V32
26,47871,laryngeal cellulitis,ICD9CM-V32
26,47874,stenosis of larynx,ICD9CM-V32
26,47875,laryngeal spasm,ICD9CM-V32
26,47879,disease of larynx nec,ICD9CM-V32
26,4788,urt hypersens react nos,ICD9CM-V32
26,4789,upper resp dis nec/nos,ICD9CM-V32
27,480,viral pneumonia*,ICD9CM-V32
27,4800,adenoviral pneumonia,ICD9CM-V32
27,4801,resp syncyt viral pneum,ICD9CM-V32
27,4802,parinfluenza viral pneum,ICD9CM-V32
27,4803,pneumonia due to sars,ICD9CM-V32
27,4808,viral pneumonia nec,ICD9CM-V32
27,4809,viral pneumonia nos,ICD9CM-V32
27,481,pneumococcal pneumonia,ICD9CM-V32
27,482,oth bacterial pneumonia*,ICD9CM-V32
27,4820,k. pneumoniae pneumonia,ICD9CM-V32
27,4821,pseudomonal pneumonia,ICD9CM-V32
27,4822,h.influenzae pneumonia,ICD9CM-V32
27,4823,streptococcal pneumonia*,ICD9CM-V32
27,48230,streptococcal pneumn nos,ICD9CM-V32
27,48231,pneumonia strptococcus a,ICD9CM-V32
27,48232,pneumonia strptococcus b,ICD9CM-V32
27,48239,pneumonia oth strep,ICD9CM-V32
27,4824,staphylococcal pneumonia*,ICD9CM-V32
27,48240,staphylococcal pneu nos,ICD9CM-V32
27,48241,meth sus pneum d/t staph,ICD9CM-V32
27,48242,meth res pneu d/t staph,ICD9CM-V32
27,48249,staph pneumonia nec,ICD9CM-V32
27,4828,bacterial pneumonia nec*,ICD9CM-V32
27,48281,pneumonia anaerobes,ICD9CM-V32
27,48282,pneumonia e coli,ICD9CM-V32
27,48283,pneumo oth grm-neg bact,ICD9CM-V32
27,48284,legionnaires' disease,ICD9CM-V32
27,48289,pneumonia oth spcf bact,ICD9CM-V32
27,4829,bacterial pneumonia nos,ICD9CM-V32
27,483,pneumonia: organism nec*,ICD9CM-V32
27,4830,pneu mycplsm pneumoniae,ICD9CM-V32
27,4831,pneumonia d/t chlamydia,ICD9CM-V32
27,4838,pneumon oth spec orgnsm,ICD9CM-V32
27,484,pneum in oth infec dis*,ICD9CM-V32
27,4841,pneum w cytomeg incl dis,ICD9CM-V32
27,4843,pneumonia in whoop cough,ICD9CM-V32
27,4845,pneumonia in anthrax,ICD9CM-V32
27,4846,pneum in aspergillosis,ICD9CM-V32
27,4847,pneum in oth sys mycoses,ICD9CM-V32
27,4848,pneum in infect dis nec,ICD9CM-V32
27,485,bronchopneumonia org nos,ICD9CM-V32
27,486,"pneumonia, organism nos",ICD9CM-V32
27,487,influenza*,ICD9CM-V32
27,4870,influenza with pneumonia,ICD9CM-V32
27,4871,flu w resp manifest nec,ICD9CM-V32
27,4878,flu w manifestation nec,ICD9CM-V32
28,490,bronchitis nos,ICD9CM-V32
28,491,chronic bronchitis*,ICD9CM-V32
28,4910,simple chr bronchitis,ICD9CM-V32
28,4911,mucopurul chr bronchitis,ICD9CM-V32
28,4912,obstruct chr bronchitis*,ICD9CM-V32
28,49120,obst chr bronc w/o exac,ICD9CM-V32
28,49121,obs chr bronc w(ac) exac,ICD9CM-V32
28,49122,obs chr bronc w ac bronc,ICD9CM-V32
28,4918,chronic bronchitis nec,ICD9CM-V32
28,4919,chronic bronchitis nos,ICD9CM-V32
28,492,emphysema*,ICD9CM-V32
28,4920,emphysematous bleb,ICD9CM-V32
28,4928,emphysema nec,ICD9CM-V32
28,493,asthma*,ICD9CM-V32
28,4930,extrinsic asthma*,ICD9CM-V32
28,49300,extrinsic asthma nos,ICD9CM-V32
28,49301,ext asthma w status asth,ICD9CM-V32
28,49302,ext asthma w(acute) exac,ICD9CM-V32
28,4931,intrinsic asthma*,ICD9CM-V32
28,49310,intrinsic asthma nos,ICD9CM-V32
28,49311,int asthma w status asth,ICD9CM-V32
28,49312,int asthma w (ac) exac,ICD9CM-V32
28,4932,*,ICD9CM-V32
28,49320,chronic obst asthma nos,ICD9CM-V32
28,49321,ch ob asthma w stat asth,ICD9CM-V32
28,49322,ch obst asth w (ac) exac,ICD9CM-V32
28,4938,*,ICD9CM-V32
28,49381,exercse ind bronchospasm,ICD9CM-V32
28,49382,cough variant asthma,ICD9CM-V32
28,4939,asthma nos*,ICD9CM-V32
28,49390,asthma nos,ICD9CM-V32
28,49391,asthma w status asthmat,ICD9CM-V32
28,49392,asthma nos w (ac) exac,ICD9CM-V32
28,494,bronchiectasis*,ICD9CM-V32
28,4940,bronchiectas w/o ac exac,ICD9CM-V32
28,4941,bronchiectasis w ac exac,ICD9CM-V32
28,495,ext allergic alveolitis*,ICD9CM-V32
28,4950,farmers' lung,ICD9CM-V32
28,4951,bagassosis,ICD9CM-V32
28,4952,bird-fanciers' lung,ICD9CM-V32
28,4953,suberosis,ICD9CM-V32
28,4954,malt workers' lung,ICD9CM-V32
28,4955,mushroom workers' lung,ICD9CM-V32
28,4956,mapl bark-stripprs' lung,ICD9CM-V32
28,4957,"ventilation"" pneumonit",ICD9CM-V32
28,4958,allerg alveol/pneum nec,ICD9CM-V32
28,4959,allerg alveol/pneum nos,ICD9CM-V32
28,496,chr airway obstruct nec,ICD9CM-V32
29,520,tooth develop/erupt dis*,ICD9CM-V32
29,5200,anodontia,ICD9CM-V32
29,5201,supernumerary teeth,ICD9CM-V32
29,5202,abnormal tooth size/form,ICD9CM-V32
29,5203,mottled teeth,ICD9CM-V32
29,5204,tooth formation disturb,ICD9CM-V32
29,5205,heredit tooth struct nec,ICD9CM-V32
29,5206,tooth eruption disturb,ICD9CM-V32
29,5207,teething syndrome,ICD9CM-V32
29,5208,tooth devel/erup dis nec,ICD9CM-V32
29,5209,tooth devel/erup dis nos,ICD9CM-V32
29,521,hard tissue dis of teeth*,ICD9CM-V32
29,5210,dental caries*,ICD9CM-V32
29,52100,dental caries nos,ICD9CM-V32
29,52101,dental caries - enamel,ICD9CM-V32
29,52102,dental caries - dentine,ICD9CM-V32
29,52103,dental caries - pulp,ICD9CM-V32
29,52104,dental caries - arrested,ICD9CM-V32
29,52105,odontoclasia,ICD9CM-V32
29,52106,dentl caries-pit/fissure,ICD9CM-V32
29,52107,dentl caries-smooth surf,ICD9CM-V32
29,52108,dental caries-root surf,ICD9CM-V32
29,52109,dental caries nec,ICD9CM-V32
29,5211,excess attrition-teeth#,ICD9CM-V32
29,52110,excessive attrition nos,ICD9CM-V32
29,52111,excess attrition-enamel,ICD9CM-V32
29,52112,excess attrition-dentine,ICD9CM-V32
29,52113,excessive attrition-pulp,ICD9CM-V32
29,52114,excess attrition-local,ICD9CM-V32
29,52115,excess attrition-general,ICD9CM-V32
29,5212,abrasion of teeth#,ICD9CM-V32
29,52120,abrasion nos,ICD9CM-V32
29,52121,abrasion-enamel,ICD9CM-V32
29,52122,abrasion-dentine,ICD9CM-V32
29,52123,abrasion-pulp,ICD9CM-V32
29,52124,abrasion-localized,ICD9CM-V32
29,52125,abrasion-generalized,ICD9CM-V32
29,5213,erosion of teeth#,ICD9CM-V32
29,52130,erosion nos,ICD9CM-V32
29,52131,erosion-enamel,ICD9CM-V32
29,52132,erosion-dentine,ICD9CM-V32
29,52133,erosion-pulp,ICD9CM-V32
29,52134,erosion-localized,ICD9CM-V32
29,52135,erosion-generalized,ICD9CM-V32
29,5214,resorption of teeth#,ICD9CM-V32
29,52140,path resorption nos,ICD9CM-V32
29,52141,path resorption-internal,ICD9CM-V32
29,52142,path resorption-external,ICD9CM-V32
29,52149,path resorption nec,ICD9CM-V32
29,5215,hypercementosis,ICD9CM-V32
29,5216,ankylosis of teeth,ICD9CM-V32
29,5217,intrin posteruptv color,ICD9CM-V32
29,5218,hard tiss dis teeth nec#,ICD9CM-V32
29,52181,cracked tooth,ICD9CM-V32
29,52189,dis hard tiss teeth nec,ICD9CM-V32
29,5219,hard tiss dis teeth nos,ICD9CM-V32
29,522,pulp & periapical dis*,ICD9CM-V32
29,5220,pulpitis,ICD9CM-V32
29,5221,necrosis of tooth pulp,ICD9CM-V32
29,5222,tooth pulp degeneration,ICD9CM-V32
29,5223,abn hard tiss-tooth pulp,ICD9CM-V32
29,5224,ac apical periodontitis,ICD9CM-V32
29,5225,periapical abscess,ICD9CM-V32
29,5226,chr apical periodontitis,ICD9CM-V32
29,5227,periapical absc w sinus,ICD9CM-V32
29,5228,radicular cyst,ICD9CM-V32
29,5229,pulp/periapical dis nec,ICD9CM-V32
29,523,gingival/periodontal dis*,ICD9CM-V32
29,5230,acute gingivitis#,ICD9CM-V32
29,52300,"acute gingititis, plaque",ICD9CM-V32
29,52301,"ac gingivitis,nonplaque",ICD9CM-V32
29,5231,chronic gingivitis#,ICD9CM-V32
29,52310,"chronc gingititis,plaque",ICD9CM-V32
29,52311,chr gingivitis-nonplaque,ICD9CM-V32
29,5232,gingival recession#,ICD9CM-V32
29,52320,gingival recession nos,ICD9CM-V32
29,52321,gingival recess-minimal,ICD9CM-V32
29,52322,gingival recess-moderate,ICD9CM-V32
29,52323,gingival recess-severe,ICD9CM-V32
29,52324,gingival recession-local,ICD9CM-V32
29,52325,gingival recess-general,ICD9CM-V32
29,5233,acute periodontitis#,ICD9CM-V32
29,52330,aggres periodontitis nos,ICD9CM-V32
29,52331,"aggres periodontitis,loc",ICD9CM-V32
29,52332,"aggres periodontitis,gen",ICD9CM-V32
29,52333,acute periodontitis,ICD9CM-V32
29,5234,chronic periodontitis#,ICD9CM-V32
29,52340,chronc periodontitis nos,ICD9CM-V32
29,52341,"chr periodontitis, local",ICD9CM-V32
29,52342,"chron periodontitis,gen",ICD9CM-V32
29,5235,periodontosis,ICD9CM-V32
29,5236,accretions on teeth,ICD9CM-V32
29,5238,periodontal disease nec,ICD9CM-V32
29,5239,gingiv/periodont dis nos,ICD9CM-V32
29,524,dentofacial anomalies*,ICD9CM-V32
29,5240,major anom of jaw size*,ICD9CM-V32
29,52400,unspcf anomaly jaw size,ICD9CM-V32
29,52401,maxillary hyperplasia,ICD9CM-V32
29,52402,mandibular hyperplasia,ICD9CM-V32
29,52403,maxillary hypoplasia,ICD9CM-V32
29,52404,mandibular hypoplasia,ICD9CM-V32
29,52405,macrogenia,ICD9CM-V32
29,52406,microgenia,ICD9CM-V32
29,52407,excessive tuberosity-jaw,ICD9CM-V32
29,52409,oth spcf anmly jaw size,ICD9CM-V32
29,5241,jaw-cranial base anomaly*,ICD9CM-V32
29,52410,unspcf anm jaw cranl bse,ICD9CM-V32
29,52411,maxillary asymmetry,ICD9CM-V32
29,52412,other jaw asymmetry,ICD9CM-V32
29,52419,spcfd anom jaw cranl bse,ICD9CM-V32
29,5242,dental arch anomaly#,ICD9CM-V32
29,52420,anomaly dental arch nos,ICD9CM-V32
29,52421,malocc- angle's class i,ICD9CM-V32
29,52422,malocc-angle's class ii,ICD9CM-V32
29,52423,malocc-angle's class iii,ICD9CM-V32
29,52424,open anterior occlusion,ICD9CM-V32
29,52425,open posterior occlusion,ICD9CM-V32
29,52426,excess horizontl overlap,ICD9CM-V32
29,52427,reverse articulation,ICD9CM-V32
29,52428,anom interarch distance,ICD9CM-V32
29,52429,anomaly dental arch nec,ICD9CM-V32
29,5243,tooth position anomaly#,ICD9CM-V32
29,52430,tooth position anom nos,ICD9CM-V32
29,52431,crowding of teeth,ICD9CM-V32
29,52432,excessive spacing-teeth,ICD9CM-V32
29,52433,horizontl displace-teeth,ICD9CM-V32
29,52434,vertical displace-teeth,ICD9CM-V32
29,52435,rotation of teeth,ICD9CM-V32
29,52436,insuf interocclusl-teeth,ICD9CM-V32
29,52437,exces interocclusl-teeth,ICD9CM-V32
29,52439,tooth position anom nec,ICD9CM-V32
29,5244,malocclusion nos,ICD9CM-V32
29,5245,abn dentofacial function#,ICD9CM-V32
29,52450,dentofac funct abnor nos,ICD9CM-V32
29,52451,abnormal jaw closure,ICD9CM-V32
29,52452,limited mandibular rom,ICD9CM-V32
29,52453,dev open/close mandible,ICD9CM-V32
29,52454,insuff anterior guidance,ICD9CM-V32
29,52455,centric occl intrcsp dis,ICD9CM-V32
29,52456,nonwork side interfrnce,ICD9CM-V32
29,52457,lack post occlsl support,ICD9CM-V32
29,52459,dentofac funct abnor nec,ICD9CM-V32
29,5246,temporomandibular jt dis*,ICD9CM-V32
29,52460,tmj disorders nos,ICD9CM-V32
29,52461,adhesns/ankylosis - tmj,ICD9CM-V32
29,52462,arthralgia tmj,ICD9CM-V32
29,52463,articular disc disorder,ICD9CM-V32
29,52464,tmj sounds opn/close jaw,ICD9CM-V32
29,52469,other specf tmj disordrs,ICD9CM-V32
29,5247,*,ICD9CM-V32
29,52470,unspf dent alvelr anmaly,ICD9CM-V32
29,52471,alveolar maxil hyprplsia,ICD9CM-V32
29,52472,alveolar mandib hyprplas,ICD9CM-V32
29,52473,alveolar maxil hypoplsia,ICD9CM-V32
29,52474,alveolar mandb hypoplsia,ICD9CM-V32
29,52475,vertical displace teeth,ICD9CM-V32
29,52476,occlusal plane deviation,ICD9CM-V32
29,52479,oth spcf alveolar anmaly,ICD9CM-V32
29,5248,dentofacial anomaly nec#,ICD9CM-V32
29,52481,anterior soft tiss impg,ICD9CM-V32
29,52482,posterior soft tiss impg,ICD9CM-V32
29,52489,dentofacial anomaly nec,ICD9CM-V32
29,5249,dentofacial anomaly nos,ICD9CM-V32
29,525,other dental disorder*,ICD9CM-V32
29,5250,exfoliation of teeth,ICD9CM-V32
29,5251,"loss of teeth, acquired*",ICD9CM-V32
29,52510,acq absence of teeth nos,ICD9CM-V32
29,52511,loss of teeth d/t trauma,ICD9CM-V32
29,52512,loss teeth d/t peri dis,ICD9CM-V32
29,52513,loss of teeth d/t caries,ICD9CM-V32
29,52519,loss of teeth nec,ICD9CM-V32
29,5252,atrophy alveolar ridge#,ICD9CM-V32
29,52520,atrophy alvlar ridge nos,ICD9CM-V32
29,52521,atrophy mandible-minimal,ICD9CM-V32
29,52522,atrophy mandible-modrate,ICD9CM-V32
29,52523,atrophy mandible-severe,ICD9CM-V32
29,52524,atrophy maxilla-minimal,ICD9CM-V32
29,52525,atrophy maxilla-moderate,ICD9CM-V32
29,52526,atrophy maxilla-severe,ICD9CM-V32
29,5253,retained dental root,ICD9CM-V32
29,5254,*,ICD9CM-V32
29,52540,complete edentulism nos,ICD9CM-V32
29,52541,"comp edentulism,class i",ICD9CM-V32
29,52542,"comp edentulism,class ii",ICD9CM-V32
29,52543,"comp edentulsm,class iii",ICD9CM-V32
29,52544,"comp edentulism,class iv",ICD9CM-V32
29,5255,*,ICD9CM-V32
29,52550,partial edentulism nos,ICD9CM-V32
29,52551,"part edentulism,class i",ICD9CM-V32
29,52552,"part edentulism,class ii",ICD9CM-V32
29,52553,"part edentulsm,class iii",ICD9CM-V32
29,52554,"part edentulism,class iv",ICD9CM-V32
29,5256,*,ICD9CM-V32
29,52560,unsat restore tooth nos,ICD9CM-V32
29,52561,open restoration margins,ICD9CM-V32
29,52562,overhang dental restore,ICD9CM-V32
29,52563,fx dental mat w/o loss,ICD9CM-V32
29,52564,fx dentl material w loss,ICD9CM-V32
29,52565,contour restore tooth,ICD9CM-V32
29,52566,allergy dental res mat,ICD9CM-V32
29,52567,poor aesthetics restore,ICD9CM-V32
29,52569,unsat restore tooth nec,ICD9CM-V32
29,5257,*,ICD9CM-V32
29,52571,osseo fail dental implnt,ICD9CM-V32
29,52572,post-osse biol fail impl,ICD9CM-V32
29,52573,post-osse mech fail impl,ICD9CM-V32
29,52579,endos dentl imp fail nec,ICD9CM-V32
29,5258,dental disorder nec,ICD9CM-V32
29,5259,dental disorder nos,ICD9CM-V32
29,526,jaw diseases*,ICD9CM-V32
29,5260,devel odontogenic cysts,ICD9CM-V32
29,5261,fissural cysts of jaw,ICD9CM-V32
29,5262,cysts of jaws nec,ICD9CM-V32
29,5263,cent giant cell granulom,ICD9CM-V32
29,5264,inflammation of jaw,ICD9CM-V32
29,5265,alveolitis of jaw,ICD9CM-V32
29,5266,*,ICD9CM-V32
29,52661,perfor root canal space,ICD9CM-V32
29,52662,endodontic overfill,ICD9CM-V32
29,52663,endodontic underfill,ICD9CM-V32
29,52669,periradicular path nec,ICD9CM-V32
29,5268,other jaw diseases*,ICD9CM-V32
29,52681,exostosis of jaw,ICD9CM-V32
29,52689,jaw disease nec,ICD9CM-V32
29,5269,jaw disease nos,ICD9CM-V32
29,527,salivary gland diseases*,ICD9CM-V32
29,5270,salivary gland atrophy,ICD9CM-V32
29,5271,salivary glnd hyprtrophy,ICD9CM-V32
29,5272,sialoadenitis,ICD9CM-V32
29,5273,salivary gland abscess,ICD9CM-V32
29,5274,salivary gland fistula,ICD9CM-V32
29,5275,sialolithiasis,ICD9CM-V32
29,5276,salivary gland mucocele,ICD9CM-V32
29,5277,salivary secretion dis,ICD9CM-V32
29,5278,salivary gland dis nec,ICD9CM-V32
29,5279,salivary gland dis nos,ICD9CM-V32
29,528,oral soft tissue disease*,ICD9CM-V32
29,5280,stomatitis#,ICD9CM-V32
29,52800,stomatitis/mucositis nos,ICD9CM-V32
29,52801,mucosits d/t antineo rx,ICD9CM-V32
29,52802,mucositis d/t drugs nec,ICD9CM-V32
29,52809,stomatits & mucosits nec,ICD9CM-V32
29,5281,cancrum oris,ICD9CM-V32
29,5282,oral aphthae,ICD9CM-V32
29,5283,cellulitis/abscess mouth,ICD9CM-V32
29,5284,oral soft tissue cyst,ICD9CM-V32
29,5285,diseases of lips,ICD9CM-V32
29,5286,leukoplakia oral mucosa,ICD9CM-V32
29,5287,oral epithelium dis nec#,ICD9CM-V32
29,52871,keratin ridge mucosa-min,ICD9CM-V32
29,52872,keratin ridge muc-excess,ICD9CM-V32
29,52879,dist oral epithelium nec,ICD9CM-V32
29,5288,oral submucosal fibrosis,ICD9CM-V32
29,5289,oral soft tissue dis nec,ICD9CM-V32
29,529,tongue disorders*,ICD9CM-V32
29,5290,glossitis,ICD9CM-V32
29,5291,geographic tongue,ICD9CM-V32
29,5292,med rhomboid glossitis,ICD9CM-V32
29,5293,hypertroph tongue papill,ICD9CM-V32
29,5294,atrophy tongue papillae,ICD9CM-V32
29,5295,plicated tongue,ICD9CM-V32
29,5296,glossodynia,ICD9CM-V32
29,5298,tongue disorder nec,ICD9CM-V32
29,5299,tongue disorder nos,ICD9CM-V32
30,530,diseases of esophagus*,ICD9CM-V32
30,5300,achalasia & cardiospasm,ICD9CM-V32
30,5301,esophagitis*,ICD9CM-V32
30,53010,"esophagitis, unspecified",ICD9CM-V32
30,53011,reflux esophagitis,ICD9CM-V32
30,53012,acute esophagitis,ICD9CM-V32
30,53013,eosinophilic esophagitis,ICD9CM-V32
30,53019,other esophagitis,ICD9CM-V32
30,5302,ulcer of esophagus#,ICD9CM-V32
30,53020,ulc esophagus w/o bleed,ICD9CM-V32
30,53021,ulcer esophagus w bleed,ICD9CM-V32
30,5303,esophageal stricture,ICD9CM-V32
30,5304,perforation of esophagus,ICD9CM-V32
30,5305,dyskinesia of esophagus,ICD9CM-V32
30,5306,acq esophag diverticulum,ICD9CM-V32
30,5307,mallory-weiss syndrome,ICD9CM-V32
30,5308,esophageal disorder nec*,ICD9CM-V32
30,53081,esophageal reflux,ICD9CM-V32
30,53082,esophageal hemorrhage,ICD9CM-V32
30,53083,esophageal leukoplakia,ICD9CM-V32
30,53084,tracheoesophageal fstula,ICD9CM-V32
30,53085,barrett's esophagus,ICD9CM-V32
30,53086,esophagostomy infection,ICD9CM-V32
30,53087,mech comp esophagostomy,ICD9CM-V32
30,53089,other dsrders esophagus,ICD9CM-V32
30,5309,esophageal disorder nos,ICD9CM-V32
30,531,gastric ulcer*,ICD9CM-V32
30,5310,ac stomach ulcer w hem*,ICD9CM-V32
30,53100,ac stomach ulcer w hem,ICD9CM-V32
30,53101,ac stomac ulc w hem-obst,ICD9CM-V32
30,5311,ac stomach ulcer w perf*,ICD9CM-V32
30,53110,ac stomach ulcer w perf,ICD9CM-V32
30,53111,ac stom ulc w perf-obst,ICD9CM-V32
30,5312,ac stomac ulc w hem/perf*,ICD9CM-V32
30,53120,ac stomac ulc w hem/perf,ICD9CM-V32
30,53121,ac stom ulc hem/perf-obs,ICD9CM-V32
30,5313,acute stomach ulcer nos*,ICD9CM-V32
30,53130,acute stomach ulcer nos,ICD9CM-V32
30,53131,ac stomach ulc nos-obstr,ICD9CM-V32
30,5314,chr stomach ulc w hem*,ICD9CM-V32
30,53140,chr stomach ulc w hem,ICD9CM-V32
30,53141,chr stom ulc w hem-obstr,ICD9CM-V32
30,5315,chr stomach ulcer w perf*,ICD9CM-V32
30,53150,chr stomach ulcer w perf,ICD9CM-V32
30,53151,chr stom ulc w perf-obst,ICD9CM-V32
30,5316,chr stomach ulc hem/perf*,ICD9CM-V32
30,53160,chr stomach ulc hem/perf,ICD9CM-V32
30,53161,chr stom ulc hem/perf-ob,ICD9CM-V32
30,5317,chr stomach ulcer nos*,ICD9CM-V32
30,53170,chr stomach ulcer nos,ICD9CM-V32
30,53171,chr stomach ulc nos-obst,ICD9CM-V32
30,5319,stomach ulcer nos*,ICD9CM-V32
30,53190,stomach ulcer nos,ICD9CM-V32
30,53191,stomach ulcer nos-obstr,ICD9CM-V32
30,532,duodenal ulcer*,ICD9CM-V32
30,5320,ac duodenal ulcer w hem*,ICD9CM-V32
30,53200,ac duodenal ulcer w hem,ICD9CM-V32
30,53201,ac duoden ulc w hem-obst,ICD9CM-V32
30,5321,ac duodenal ulcer w perf*,ICD9CM-V32
30,53210,ac duodenal ulcer w perf,ICD9CM-V32
30,53211,ac duoden ulc perf-obstr,ICD9CM-V32
30,5322,ac duoden ulc w hem/perf*,ICD9CM-V32
30,53220,ac duoden ulc w hem/perf,ICD9CM-V32
30,53221,ac duod ulc hem/perf-obs,ICD9CM-V32
30,5323,acute duodenal ulcer nos*,ICD9CM-V32
30,53230,acute duodenal ulcer nos,ICD9CM-V32
30,53231,ac duodenal ulc nos-obst,ICD9CM-V32
30,5324,chr duoden ulcer w hem*,ICD9CM-V32
30,53240,chr duoden ulcer w hem,ICD9CM-V32
30,53241,chr duoden ulc hem-obstr,ICD9CM-V32
30,5325,chr duoden ulcer w perf*,ICD9CM-V32
30,53250,chr duoden ulcer w perf,ICD9CM-V32
30,53251,chr duoden ulc perf-obst,ICD9CM-V32
30,5326,chr duoden ulc hem/perf*,ICD9CM-V32
30,53260,chr duoden ulc hem/perf,ICD9CM-V32
30,53261,chr duod ulc hem/perf-ob,ICD9CM-V32
30,5327,chr duodenal ulcer nos*,ICD9CM-V32
30,53270,chr duodenal ulcer nos,ICD9CM-V32
30,53271,chr duoden ulc nos-obstr,ICD9CM-V32
30,5329,duodenal ulcer nos*,ICD9CM-V32
30,53290,duodenal ulcer nos,ICD9CM-V32
30,53291,duodenal ulcer nos-obstr,ICD9CM-V32
30,533,"peptic ulcer, site nos*",ICD9CM-V32
30,5330,ac peptic ulcer w hemorr*,ICD9CM-V32
30,53300,ac peptic ulcer w hemorr,ICD9CM-V32
30,53301,ac peptic ulc w hem-obst,ICD9CM-V32
30,5331,ac peptic ulcer w perfor*,ICD9CM-V32
30,53310,ac peptic ulcer w perfor,ICD9CM-V32
30,53311,ac peptic ulc w perf-obs,ICD9CM-V32
30,5332,ac peptic ulc w hem/perf*,ICD9CM-V32
30,53320,ac peptic ulc w hem/perf,ICD9CM-V32
30,53321,ac pept ulc hem/perf-obs,ICD9CM-V32
30,5333,acute peptic ulcer nos*,ICD9CM-V32
30,53330,acute peptic ulcer nos,ICD9CM-V32
30,53331,ac peptic ulcer nos-obst,ICD9CM-V32
30,5334,chr peptic ulcer w hem*,ICD9CM-V32
30,53340,chr peptic ulcer w hem,ICD9CM-V32
30,53341,chr peptic ulc w hem-obs,ICD9CM-V32
30,5335,chr peptic ulcer w perf*,ICD9CM-V32
30,53350,chr peptic ulcer w perf,ICD9CM-V32
30,53351,chr peptic ulc perf-obst,ICD9CM-V32
30,5336,chr pept ulc w hem/perf*,ICD9CM-V32
30,53360,chr pept ulc w hem/perf,ICD9CM-V32
30,53361,chr pept ulc hem/perf-ob,ICD9CM-V32
30,5337,chronic peptic ulcer nos*,ICD9CM-V32
30,53370,chronic peptic ulcer nos,ICD9CM-V32
30,53371,chr peptic ulcer nos-obs,ICD9CM-V32
30,5339,peptic ulcer nos*,ICD9CM-V32
30,53390,peptic ulcer nos,ICD9CM-V32
30,53391,peptic ulcer nos-obstruc,ICD9CM-V32
30,534,gastrojejunal ulcer*,ICD9CM-V32
30,5340,ac marginal ulcer w hem*,ICD9CM-V32
30,53400,ac marginal ulcer w hem,ICD9CM-V32
30,53401,ac margin ulc w hem-obst,ICD9CM-V32
30,5341,ac marginal ulcer w perf*,ICD9CM-V32
30,53410,ac marginal ulcer w perf,ICD9CM-V32
30,53411,ac margin ulc w perf-obs,ICD9CM-V32
30,5342,ac margin ulc w hem/perf*,ICD9CM-V32
30,53420,ac margin ulc w hem/perf,ICD9CM-V32
30,53421,ac marg ulc hem/perf-obs,ICD9CM-V32
30,5343,ac marginal ulcer nos*,ICD9CM-V32
30,53430,ac marginal ulcer nos,ICD9CM-V32
30,53431,ac marginal ulc nos-obst,ICD9CM-V32
30,5344,chr marginal ulcer w hem*,ICD9CM-V32
30,53440,chr marginal ulcer w hem,ICD9CM-V32
30,53441,chr margin ulc w hem-obs,ICD9CM-V32
30,5345,chr marginal ulc w perf*,ICD9CM-V32
30,53450,chr marginal ulc w perf,ICD9CM-V32
30,53451,chr margin ulc perf-obst,ICD9CM-V32
30,5346,chr margin ulc hem/perf*,ICD9CM-V32
30,53460,chr margin ulc hem/perf,ICD9CM-V32
30,53461,chr marg ulc hem/perf-ob,ICD9CM-V32
30,5347,chr marginal ulcer nos*,ICD9CM-V32
30,53470,chr marginal ulcer nos,ICD9CM-V32
30,53471,chr marginal ulc nos-obs,ICD9CM-V32
30,5349,gastrojejunal ulcer nos*,ICD9CM-V32
30,53490,gastrojejunal ulcer nos,ICD9CM-V32
30,53491,gastrojejun ulc nos-obst,ICD9CM-V32
30,535,gastritis and duodenitis*,ICD9CM-V32
30,5350,acute gastritis*,ICD9CM-V32
30,53500,acute gastrtis w/o hmrhg,ICD9CM-V32
30,53501,acute gastritis w hmrhg,ICD9CM-V32
30,5351,atrophic gastritis*,ICD9CM-V32
30,53510,atrph gastrtis w/o hmrhg,ICD9CM-V32
30,53511,atrph gastritis w hmrhg,ICD9CM-V32
30,5352,gastr mucosal hypertroph*,ICD9CM-V32
30,53520,gstr mcsl hyprt w/o hmrg,ICD9CM-V32
30,53521,gstr mcsl hyprt w hmrg,ICD9CM-V32
30,5353,alcoholic gastritis*,ICD9CM-V32
30,53530,alchl gastrtis w/o hmrhg,ICD9CM-V32
30,53531,alchl gstritis w hmrhg,ICD9CM-V32
30,5354,gastritis nec*,ICD9CM-V32
30,53540,oth spf gstrt w/o hmrhg,ICD9CM-V32
30,53541,oth spf gastrt w hmrhg,ICD9CM-V32
30,5355,gastritis/duodenitis nos*,ICD9CM-V32
30,53550,gstr/ddnts nos w/o hmrhg,ICD9CM-V32
30,53551,gstr/ddnts nos w hmrhg,ICD9CM-V32
30,5356,duodenitis*,ICD9CM-V32
30,53560,duodenitis w/o hmrhg,ICD9CM-V32
30,53561,duodenitis w hmrhg,ICD9CM-V32
30,5357,*,ICD9CM-V32
30,53570,eosinophil gastrt wo hem,ICD9CM-V32
30,53571,eosinophilc gastrt w hem,ICD9CM-V32
30,536,stomach function disord*,ICD9CM-V32
30,5360,achlorhydria,ICD9CM-V32
30,5361,ac dilation of stomach,ICD9CM-V32
30,5362,persistent vomiting,ICD9CM-V32
30,5363,gastroparesis,ICD9CM-V32
30,5364,gastrostomy comp*,ICD9CM-V32
30,53640,gastrostomy comp nos,ICD9CM-V32
30,53641,gastrostomy infection,ICD9CM-V32
30,53642,gastrostomy comp - mech,ICD9CM-V32
30,53649,gastrostomy comp nec,ICD9CM-V32
30,5368,stomach function dis nec,ICD9CM-V32
30,5369,stomach function dis nos,ICD9CM-V32
30,537,oth gastroduodenal dis*,ICD9CM-V32
30,5370,acq pyloric stenosis,ICD9CM-V32
30,5371,gastric diverticulum,ICD9CM-V32
30,5372,chronic duodenal ileus,ICD9CM-V32
30,5373,duodenal obstruction nec,ICD9CM-V32
30,5374,gastric/duodenal fistula,ICD9CM-V32
30,5375,gastroptosis,ICD9CM-V32
30,5376,hourglass stricture stom,ICD9CM-V32
30,5378,gastroduodenal dis nec*,ICD9CM-V32
30,53781,pylorospasm,ICD9CM-V32
30,53782,angio stm/dudn w/o hmrhg,ICD9CM-V32
30,53783,angio stm/dudn w hmrhg,ICD9CM-V32
30,53784,"dieulafoy les,stom&duod",ICD9CM-V32
30,53789,gastroduodenal dis nec,ICD9CM-V32
30,5379,gastroduodenal dis nos,ICD9CM-V32
31,550,inguinal hernia*,ICD9CM-V32
31,5500,inguin hernia w gangrene*,ICD9CM-V32
31,55000,unilat ing hernia w gang,ICD9CM-V32
31,55001,recur unil ing hern-gang,ICD9CM-V32
31,55002,bilat ing hernia w gang,ICD9CM-V32
31,55003,recur bil ing hern-gang,ICD9CM-V32
31,5501,inguin hernia w obstruct*,ICD9CM-V32
31,55010,unilat ing hernia w obst,ICD9CM-V32
31,55011,recur unil ing hern-obst,ICD9CM-V32
31,55012,bilat ing hernia w obst,ICD9CM-V32
31,55013,recur bil ing hern-obstr,ICD9CM-V32
31,5509,inguinal hernia nos*,ICD9CM-V32
31,55090,unilat inguinal hernia,ICD9CM-V32
31,55091,recur unilat inguin hern,ICD9CM-V32
31,55092,bilat inguinal hernia,ICD9CM-V32
31,55093,recur bilat inguin hern,ICD9CM-V32
31,551,oth abdom hernia w gangr*,ICD9CM-V32
31,5510,femoral hernia w gangren*,ICD9CM-V32
31,55100,unil femoral hern w gang,ICD9CM-V32
31,55101,rec unil fem hern w gang,ICD9CM-V32
31,55102,bilat fem hern w gang,ICD9CM-V32
31,55103,recur bil fem hern-gang,ICD9CM-V32
31,5511,umbilical hernia w gangr,ICD9CM-V32
31,5512,ventral hernia w gangren*,ICD9CM-V32
31,55120,gangr ventral hernia nos,ICD9CM-V32
31,55121,gangr incisional hernia,ICD9CM-V32
31,55129,gang ventral hernia nec,ICD9CM-V32
31,5513,diaphragm hernia w gangr,ICD9CM-V32
31,5518,"hernia, site nec w gangr",ICD9CM-V32
31,5519,"hernia, site nos w gangr",ICD9CM-V32
31,552,oth abdom hernia w obstr*,ICD9CM-V32
31,5520,femoral hernia w obstruc*,ICD9CM-V32
31,55200,unil femoral hern w obst,ICD9CM-V32
31,55201,rec unil fem hern w obst,ICD9CM-V32
31,55202,bil femoral hern w obstr,ICD9CM-V32
31,55203,rec bil fem hern w obstr,ICD9CM-V32
31,5521,umbilical hernia w obstr,ICD9CM-V32
31,5522,ventral hernia w obstruc*,ICD9CM-V32
31,55220,obstr ventral hernia nos,ICD9CM-V32
31,55221,obstr incisional hernia,ICD9CM-V32
31,55229,obstr ventral hernia nec,ICD9CM-V32
31,5523,diaphragm hernia w obstr,ICD9CM-V32
31,5528,"hernia, site nec w obstr",ICD9CM-V32
31,5529,"hernia, site nos w obstr",ICD9CM-V32
31,553,other abdominal hernia*,ICD9CM-V32
31,5530,femoral hernia*,ICD9CM-V32
31,55300,unilat femoral hernia,ICD9CM-V32
31,55301,recur unil femoral hern,ICD9CM-V32
31,55302,bilateral femoral hernia,ICD9CM-V32
31,55303,recur bilat femoral hern,ICD9CM-V32
31,5531,umbilical hernia,ICD9CM-V32
31,5532,ventral hernia*,ICD9CM-V32
31,55320,ventral hernia nos,ICD9CM-V32
31,55321,incisional hernia,ICD9CM-V32
31,55329,ventral hernia nec,ICD9CM-V32
31,5533,diaphragmatic hernia,ICD9CM-V32
31,5538,hernia nec,ICD9CM-V32
31,5539,hernia nos,ICD9CM-V32
32,580,acute nephritis*,ICD9CM-V32
32,5800,ac proliferat nephritis,ICD9CM-V32
32,5804,ac rapidly progr nephrit,ICD9CM-V32
32,5808,ac nephritis w oth les*,ICD9CM-V32
32,58081,ac nephritis in oth dis,ICD9CM-V32
32,58089,acute nephritis nec,ICD9CM-V32
32,5809,acute nephritis nos,ICD9CM-V32
32,581,nephrotic syndrome*,ICD9CM-V32
32,5810,"nephrotic syn, prolifer",ICD9CM-V32
32,5811,epimembranous nephritis,ICD9CM-V32
32,5812,membranoprolif nephrosis,ICD9CM-V32
32,5813,minimal change nephrosis,ICD9CM-V32
32,5818,nephrotic syn w oth les*,ICD9CM-V32
32,58181,nephrotic syn in oth dis,ICD9CM-V32
32,58189,nephrotic syndrome nec,ICD9CM-V32
32,5819,nephrotic syndrome nos,ICD9CM-V32
32,582,chronic nephritis*,ICD9CM-V32
32,5820,chr proliferat nephritis,ICD9CM-V32
32,5821,chr membranous nephritis,ICD9CM-V32
32,5822,chr membranoprolif nephr,ICD9CM-V32
32,5824,chr rapid progr nephrit,ICD9CM-V32
32,5828,chr nephritis w oth les*,ICD9CM-V32
32,58281,chr nephritis in oth dis,ICD9CM-V32
32,58289,chronic nephritis nec,ICD9CM-V32
32,5829,chronic nephritis nos,ICD9CM-V32
32,583,nephritis nos*,ICD9CM-V32
32,5830,proliferat nephritis nos,ICD9CM-V32
32,5831,membranous nephritis nos,ICD9CM-V32
32,5832,membranoprolif nephr nos,ICD9CM-V32
32,5834,rapidly prog nephrit nos,ICD9CM-V32
32,5836,renal cort necrosis nos,ICD9CM-V32
32,5837,nephr nos/medull necros,ICD9CM-V32
32,5838,nephritis nos w oth les*,ICD9CM-V32
32,58381,nephritis nos in oth dis,ICD9CM-V32
32,58389,nephritis nec,ICD9CM-V32
32,5839,nephritis nos,ICD9CM-V32
32,584,acute renal failure*,ICD9CM-V32
32,5845,"ac kidny fail, tubr necr",ICD9CM-V32
32,5846,"ac kidny fail, cort necr",ICD9CM-V32
32,5847,"ac kidny fail, medu necr",ICD9CM-V32
32,5848,acute kidney failure nec,ICD9CM-V32
32,5849,acute kidney failure nos,ICD9CM-V32
32,585,chronic renal failure#,ICD9CM-V32
32,5851,chro kidney dis stage i,ICD9CM-V32
32,5852,chro kidney dis stage ii,ICD9CM-V32
32,5853,chr kidney dis stage iii,ICD9CM-V32
32,5854,chr kidney dis stage iv,ICD9CM-V32
32,5855,chron kidney dis stage v,ICD9CM-V32
32,5856,end stage renal disease,ICD9CM-V32
32,5859,chronic kidney dis nos,ICD9CM-V32
32,586,renal failure nos,ICD9CM-V32
32,587,renal sclerosis nos,ICD9CM-V32
32,588,impaired renal function*,ICD9CM-V32
32,5880,renal osteodystrophy,ICD9CM-V32
32,5881,nephrogen diabetes insip,ICD9CM-V32
32,5888,impaired renal funct nec#,ICD9CM-V32
32,58881,sec hyperparathyrd-renal,ICD9CM-V32
32,58889,impair ren funct dis nec,ICD9CM-V32
32,5889,impaired renal funct nos,ICD9CM-V32
32,589,small kidney*,ICD9CM-V32
32,5890,unilateral small kidney,ICD9CM-V32
32,5891,bilateral small kidneys,ICD9CM-V32
32,5899,small kidney nos,ICD9CM-V32
33,590,kidney infection*,ICD9CM-V32
33,5900,chronic pyelonephritis*,ICD9CM-V32
33,59000,chr pyelonephritis nos,ICD9CM-V32
33,59001,chr pyeloneph w med necr,ICD9CM-V32
33,5901,acute pyelonephritis*,ICD9CM-V32
33,59010,ac pyelonephritis nos,ICD9CM-V32
33,59011,ac pyelonephr w med necr,ICD9CM-V32
33,5902,renal/perirenal abscess,ICD9CM-V32
33,5903,pyeloureteritis cystica,ICD9CM-V32
33,5908,other pyelonephritis*,ICD9CM-V32
33,59080,pyelonephritis nos,ICD9CM-V32
33,59081,pyelonephrit in oth dis,ICD9CM-V32
33,5909,infection of kidney nos,ICD9CM-V32
33,591,hydronephrosis,ICD9CM-V32
33,592,renal/ureteral calculus*,ICD9CM-V32
33,5920,calculus of kidney,ICD9CM-V32
33,5921,calculus of ureter,ICD9CM-V32
33,5929,urinary calculus nos,ICD9CM-V32
33,593,oth renal & ureteral dis*,ICD9CM-V32
33,5930,nephroptosis,ICD9CM-V32
33,5931,hypertrophy of kidney,ICD9CM-V32
33,5932,"cyst of kidney, acquired",ICD9CM-V32
33,5933,stricture of ureter,ICD9CM-V32
33,5934,ureteric obstruction nec,ICD9CM-V32
33,5935,hydroureter,ICD9CM-V32
33,5936,postural proteinuria,ICD9CM-V32
33,5937,vesicoureteral reflux*,ICD9CM-V32
33,59370,vescouretrl rflux unspcf,ICD9CM-V32
33,59371,vscurt rflx npht uniltrl,ICD9CM-V32
33,59372,vscourtl rflx npht bltrl,ICD9CM-V32
33,59373,vscourtl rflx w npht nos,ICD9CM-V32
33,5938,oth renal & ureteral dis*,ICD9CM-V32
33,59381,renal vascular disorder,ICD9CM-V32
33,59382,ureteral fistula,ICD9CM-V32
33,59389,renal & ureteral dis nec,ICD9CM-V32
33,5939,renal & ureteral dis nos,ICD9CM-V32
33,594,lower urin tract calcul*,ICD9CM-V32
33,5940,blad diverticulum calcul,ICD9CM-V32
33,5941,bladder calculus nec,ICD9CM-V32
33,5942,urethral calculus,ICD9CM-V32
33,5948,lower urin calcul nec,ICD9CM-V32
33,5949,lower urin calcul nos,ICD9CM-V32
33,595,cystitis*,ICD9CM-V32
33,5950,acute cystitis,ICD9CM-V32
33,5951,chr interstit cystitis,ICD9CM-V32
33,5952,chronic cystitis nec,ICD9CM-V32
33,5953,trigonitis,ICD9CM-V32
33,5954,cystitis in oth dis,ICD9CM-V32
33,5958,other cystitis*,ICD9CM-V32
33,59581,cystitis cystica,ICD9CM-V32
33,59582,irradiation cystitis,ICD9CM-V32
33,59589,cystitis nec,ICD9CM-V32
33,5959,cystitis nos,ICD9CM-V32
33,596,other bladder disorders*,ICD9CM-V32
33,5960,bladder neck obstruction,ICD9CM-V32
33,5961,intestinovesical fistula,ICD9CM-V32
33,5962,vesical fistula nec,ICD9CM-V32
33,5963,diverticulum of bladder,ICD9CM-V32
33,5964,atony of bladder,ICD9CM-V32
33,5965,bladder dysfunction nec*,ICD9CM-V32
33,59651,hypertonicity of bladder,ICD9CM-V32
33,59652,low bladder compliance,ICD9CM-V32
33,59653,paralysis of bladder,ICD9CM-V32
33,59654,neurogenic bladder nos,ICD9CM-V32
33,59655,detrusr sphinc dyssnrgia,ICD9CM-V32
33,59659,oth func dsdr bladder,ICD9CM-V32
33,5966,"bladder rupt, nontraum",ICD9CM-V32
33,5967,bladder wall hemorrhage,ICD9CM-V32
33,5968,bladder disorder nec#,ICD9CM-V32
33,59681,infection of cystostomy,ICD9CM-V32
33,59682,mech comp of cystostomy,ICD9CM-V32
33,59683,other comp of cystostomy,ICD9CM-V32
33,59689,disorders of bladder nec,ICD9CM-V32
33,5969,bladder disorder nos,ICD9CM-V32
33,597,urethritis/urethral synd*,ICD9CM-V32
33,5970,urethral abscess,ICD9CM-V32
33,5978,other urethritis*,ICD9CM-V32
33,59780,urethritis nos,ICD9CM-V32
33,59781,urethral syndrome nos,ICD9CM-V32
33,59789,urethritis nec,ICD9CM-V32
33,598,urethral stricture*,ICD9CM-V32
33,5980,urethral strict:infect*,ICD9CM-V32
33,59800,urethr strict:infect nos,ICD9CM-V32
33,59801,ureth strict:oth infect,ICD9CM-V32
33,5981,traum urethral stricture,ICD9CM-V32
33,5982,postop urethral strictur,ICD9CM-V32
33,5988,urethral stricture nec,ICD9CM-V32
33,5989,urethral stricture nos,ICD9CM-V32
33,599,oth urinary tract disor*,ICD9CM-V32
33,5990,urin tract infection nos,ICD9CM-V32
33,5991,urethral fistula,ICD9CM-V32
33,5992,urethral diverticulum,ICD9CM-V32
33,5993,urethral caruncle,ICD9CM-V32
33,5994,urethral false passage,ICD9CM-V32
33,5995,prolapse urethral mucosa,ICD9CM-V32
33,5996,urinary obstruction nos#,ICD9CM-V32
33,59960,urinary obstruction nos,ICD9CM-V32
33,59969,urinary obstruction nec,ICD9CM-V32
33,5997,hematuria#,ICD9CM-V32
33,59970,hematuria nos,ICD9CM-V32
33,59971,gross hematuria,ICD9CM-V32
33,59972,microscopic hematuria,ICD9CM-V32
33,5998,urinary tract dis nec*,ICD9CM-V32
33,59981,urethral hypermobility,ICD9CM-V32
33,59982,intrinsc sphnctr dficncy,ICD9CM-V32
33,59983,urethral instability,ICD9CM-V32
33,59984,oth spcf dsdr urethra,ICD9CM-V32
33,59989,oth spcf dsdr urnry trct,ICD9CM-V32
33,5999,urinary tract dis nos,ICD9CM-V32
34,600,hyperplasia of prostate*,ICD9CM-V32
34,6000,hypertrophy of prostate#,ICD9CM-V32
34,60000,bph w/o urinary obs/luts,ICD9CM-V32
34,60001,bph w urinary obs/luts,ICD9CM-V32
34,6001,nodular prostate#,ICD9CM-V32
34,60010,nod prostate w/o ur obst,ICD9CM-V32
34,60011,nod prostate w ur obst,ICD9CM-V32
34,6002,bph - localized#,ICD9CM-V32
34,60020,bph loc w/o ur obs/luts,ICD9CM-V32
34,60021,bph loc w urin obs/luts,ICD9CM-V32
34,6003,cyst of prostate,ICD9CM-V32
34,6009,prostate hyperplasia nos#,ICD9CM-V32
34,60090,bph nos w/o ur obs/luts,ICD9CM-V32
34,60091,bph nos w ur obs/luts,ICD9CM-V32
34,601,prostatic inflammation*,ICD9CM-V32
34,6010,acute prostatitis,ICD9CM-V32
34,6011,chronic prostatitis,ICD9CM-V32
34,6012,abscess of prostate,ICD9CM-V32
34,6013,prostatocystitis,ICD9CM-V32
34,6014,prostatitis in oth dis,ICD9CM-V32
34,6018,prostatic inflam dis nec,ICD9CM-V32
34,6019,prostatitis nos,ICD9CM-V32
34,602,oth prostatic disorders*,ICD9CM-V32
34,6020,calculus of prostate,ICD9CM-V32
34,6021,prostatic congest/hemorr,ICD9CM-V32
34,6022,atrophy of prostate,ICD9CM-V32
34,6023,dysplasia of prostate,ICD9CM-V32
34,6028,prostatic disorders nec,ICD9CM-V32
34,6029,prostatic disorder nos,ICD9CM-V32
34,603,hydrocele*,ICD9CM-V32
34,6030,encysted hydrocele,ICD9CM-V32
34,6031,infected hydrocele,ICD9CM-V32
34,6038,hydrocele nec,ICD9CM-V32
34,6039,hydrocele nos,ICD9CM-V32
34,604,orchitis & epididymitis*,ICD9CM-V32
34,6040,orchitis with abscess,ICD9CM-V32
34,6049,orchitis/epididymit nec*,ICD9CM-V32
34,60490,orchitis/epididymit nos,ICD9CM-V32
34,60491,orchitis in oth disease,ICD9CM-V32
34,60499,orchitis/epididymit nec,ICD9CM-V32
34,605,redun prepuce & phimosis,ICD9CM-V32
34,606,male infertility*,ICD9CM-V32
34,6060,azoospermia,ICD9CM-V32
34,6061,oligospermia,ICD9CM-V32
34,6068,male infertility nec,ICD9CM-V32
34,6069,male infertility nos,ICD9CM-V32
34,607,disorders of penis*,ICD9CM-V32
34,6070,leukoplakia of penis,ICD9CM-V32
34,6071,balanoposthitis,ICD9CM-V32
34,6072,"inflam dis, penis nec",ICD9CM-V32
34,6073,priapism,ICD9CM-V32
34,6078,oth disorders of penis*,ICD9CM-V32
34,60781,balanitis xerotica oblit,ICD9CM-V32
34,60782,"vascular disorder, penis",ICD9CM-V32
34,60783,edema of penis,ICD9CM-V32
34,60784,"impotence, organic orign",ICD9CM-V32
34,60785,peyronie's disease,ICD9CM-V32
34,60789,disorder of penis nec,ICD9CM-V32
34,6079,disorder of penis nos,ICD9CM-V32
34,608,male genital dis nec*,ICD9CM-V32
34,6080,seminal vesiculitis,ICD9CM-V32
34,6081,spermatocele,ICD9CM-V32
34,6082,torsion of testis#,ICD9CM-V32
34,60820,torsion of testis nos,ICD9CM-V32
34,60821,extravag tors sperm cord,ICD9CM-V32
34,60822,intravag tors sperm cord,ICD9CM-V32
34,60823,torsion appendix testis,ICD9CM-V32
34,60824,torsion appy epididymis,ICD9CM-V32
34,6083,atrophy of testis,ICD9CM-V32
34,6084,male gen inflam dis nec,ICD9CM-V32
34,6088,male genital dis nec*,ICD9CM-V32
34,60881,male gen dis in oth dis,ICD9CM-V32
34,60882,hematospermia,ICD9CM-V32
34,60883,male gen vascul dis nec,ICD9CM-V32
34,60884,"chylocele, tunic vaginal",ICD9CM-V32
34,60885,"stricture, male gen orgn",ICD9CM-V32
34,60886,"edema, male genital orgn",ICD9CM-V32
34,60887,retrograde ejaculation,ICD9CM-V32
34,60889,male genital dis nec,ICD9CM-V32
34,6089,male genital dis nos,ICD9CM-V32
35,680,carbuncle and furuncle*,ICD9CM-V32
35,6800,carbuncle of face,ICD9CM-V32
35,6801,carbuncle of neck,ICD9CM-V32
35,6802,carbuncle of trunk,ICD9CM-V32
35,6803,carbuncle of arm,ICD9CM-V32
35,6804,carbuncle of hand,ICD9CM-V32
35,6805,carbuncle of buttock,ICD9CM-V32
35,6806,carbuncle of leg,ICD9CM-V32
35,6807,carbuncle of foot,ICD9CM-V32
35,6808,"carbuncle, site nec",ICD9CM-V32
35,6809,carbuncle nos,ICD9CM-V32
35,681,"cellulitis, finger/toe*",ICD9CM-V32
35,6810,cellulitis of finger*,ICD9CM-V32
35,68100,"cellulitis, finger nos",ICD9CM-V32
35,68101,felon,ICD9CM-V32
35,68102,onychia of finger,ICD9CM-V32
35,6811,cellulitis of toe*,ICD9CM-V32
35,68110,"cellulitis, toe nos",ICD9CM-V32
35,68111,onychia of toe,ICD9CM-V32
35,6819,cellulitis of digit nos,ICD9CM-V32
35,682,other cellulitis/abscess*,ICD9CM-V32
35,6820,cellulitis of face,ICD9CM-V32
35,6821,cellulitis of neck,ICD9CM-V32
35,6822,cellulitis of trunk,ICD9CM-V32
35,6823,cellulitis of arm,ICD9CM-V32
35,6824,cellulitis of hand,ICD9CM-V32
35,6825,cellulitis of buttock,ICD9CM-V32
35,6826,cellulitis of leg,ICD9CM-V32
35,6827,cellulitis of foot,ICD9CM-V32
35,6828,"cellulitis, site nec",ICD9CM-V32
35,6829,cellulitis nos,ICD9CM-V32
35,683,acute lymphadenitis,ICD9CM-V32
35,684,impetigo,ICD9CM-V32
35,685,pilonidal cyst*,ICD9CM-V32
35,6850,pilonidal cyst w abscess,ICD9CM-V32
35,6851,pilonidal cyst w/o absc,ICD9CM-V32
35,686,oth local skin infection*,ICD9CM-V32
35,6860,pyoderma*,ICD9CM-V32
35,68600,pyoderma nos,ICD9CM-V32
35,68601,pyoderma gangrenosum,ICD9CM-V32
35,68609,pyoderma nec,ICD9CM-V32
35,6861,pyogenic granuloma,ICD9CM-V32
35,6868,local skin infection nec,ICD9CM-V32
35,6869,local skin infection nos,ICD9CM-V32
36,690,erythematosquamous derm*,ICD9CM-V32
36,6901,*,ICD9CM-V32
36,69010,sebrrheic dermatitis nos,ICD9CM-V32
36,69011,seborrhea capitis,ICD9CM-V32
36,69012,sbrheic infantl drmtitis,ICD9CM-V32
36,69018,sebrrheic dermatitis nec,ICD9CM-V32
36,6908,erythmtsquamous derm nec,ICD9CM-V32
36,691,atopic dermatitis*,ICD9CM-V32
36,6910,diaper or napkin rash,ICD9CM-V32
36,6918,other atopic dermatitis,ICD9CM-V32
36,692,contact dermatitis*,ICD9CM-V32
36,6920,detergent dermatitis,ICD9CM-V32
36,6921,oil & grease dermatitis,ICD9CM-V32
36,6922,solvent dermatitis,ICD9CM-V32
36,6923,topical med dermatitis,ICD9CM-V32
36,6924,chemical dermatitis nec,ICD9CM-V32
36,6925,topical food dermatitis,ICD9CM-V32
36,6926,dermatitis due to plant,ICD9CM-V32
36,6927,solar radiation dermat*,ICD9CM-V32
36,69270,solar dermatitis nos,ICD9CM-V32
36,69271,sunburn,ICD9CM-V32
36,69272,act drmtitis solar rdiat,ICD9CM-V32
36,69273,actnc retic actnc grnlma,ICD9CM-V32
36,69274,oth chr drmtit solar rad,ICD9CM-V32
36,69275,dis sup actnc porokrtsis,ICD9CM-V32
36,69276,2nd degree sunburn,ICD9CM-V32
36,69277,3rd degree sunburn,ICD9CM-V32
36,69279,oth dermatitis solar rad,ICD9CM-V32
36,6928,other dermatitis*,ICD9CM-V32
36,69281,cosmetic dermatitis,ICD9CM-V32
36,69282,dermatitis oth radiation,ICD9CM-V32
36,69283,dermatitis metals,ICD9CM-V32
36,69284,contact drmatitis-animal,ICD9CM-V32
36,69289,dermatitis nec,ICD9CM-V32
36,6929,dermatitis nos,ICD9CM-V32
36,693,dermat d/t intern agent*,ICD9CM-V32
36,6930,drug dermatitis nos,ICD9CM-V32
36,6931,dermat d/t food ingest,ICD9CM-V32
36,6938,dermat d/t int agent nec,ICD9CM-V32
36,6939,dermat d/t int agent nos,ICD9CM-V32
36,694,bullous dermatoses*,ICD9CM-V32
36,6940,dermatitis herpetiformis,ICD9CM-V32
36,6941,subcorneal pust dermatos,ICD9CM-V32
36,6942,juven dermat herpetiform,ICD9CM-V32
36,6943,impetigo herpetiformis,ICD9CM-V32
36,6944,pemphigus,ICD9CM-V32
36,6945,pemphigoid,ICD9CM-V32
36,6946,ben mucous memb pemphig*,ICD9CM-V32
36,69460,bn mucous memb pemph nos,ICD9CM-V32
36,69461,ocular pemphigus,ICD9CM-V32
36,6948,bullous dermatoses nec,ICD9CM-V32
36,6949,bullous dermatoses nos,ICD9CM-V32
36,695,erythematous conditions*,ICD9CM-V32
36,6950,toxic erythema,ICD9CM-V32
36,6951,erythema multiforme#,ICD9CM-V32
36,69510,erythema multiforme nos,ICD9CM-V32
36,69511,erythma multiforme minor,ICD9CM-V32
36,69512,erythema multiforme maj,ICD9CM-V32
36,69513,stevens-johnson syndrome,ICD9CM-V32
36,69514,stevens-johnson-ten syn,ICD9CM-V32
36,69515,toxic epidrml necrolysis,ICD9CM-V32
36,69519,erythema multiforme nec,ICD9CM-V32
36,6952,erythema nodosum,ICD9CM-V32
36,6953,rosacea,ICD9CM-V32
36,6954,lupus erythematosus,ICD9CM-V32
36,6955,*,ICD9CM-V32
36,69550,exfol d/t eryth <10% bdy,ICD9CM-V32
36,69551,exfl d/t eryth 10-19 bdy,ICD9CM-V32
36,69552,exfl d/t eryth 20-29 bdy,ICD9CM-V32
36,69553,exfl d/t eryth 30-39 bdy,ICD9CM-V32
36,69554,exfl d/t eryth 40-49 bdy,ICD9CM-V32
36,69555,exfl d/t eryth 50-59 bdy,ICD9CM-V32
36,69556,exfl d/t eryth 60-69 bdy,ICD9CM-V32
36,69557,exfl d/t eryth 70-79 bdy,ICD9CM-V32
36,69558,exfl d/t eryth 80-89 bdy,ICD9CM-V32
36,69559,exfl d/t eryth >=90% bdy,ICD9CM-V32
36,6958,oth erythematous cond*,ICD9CM-V32
36,69581,ritter's disease,ICD9CM-V32
36,69589,erythematous cond nec,ICD9CM-V32
36,6959,erythematous cond nos,ICD9CM-V32
36,696,psoriasis/like disorders*,ICD9CM-V32
36,6960,psoriatic arthropathy,ICD9CM-V32
36,6961,other psoriasis,ICD9CM-V32
36,6962,parapsoriasis,ICD9CM-V32
36,6963,pityriasis rosea,ICD9CM-V32
36,6964,pityriasis rubra pilaris,ICD9CM-V32
36,6965,pityriasis nec & nos,ICD9CM-V32
36,6968,psorias related dis nec,ICD9CM-V32
36,697,lichen*,ICD9CM-V32
36,6970,lichen planus,ICD9CM-V32
36,6971,lichen nitidus,ICD9CM-V32
36,6978,lichen nec,ICD9CM-V32
36,6979,lichen nos,ICD9CM-V32
36,698,pruritus & like cond*,ICD9CM-V32
36,6980,pruritus ani,ICD9CM-V32
36,6981,pruritus of genitalia,ICD9CM-V32
36,6982,prurigo,ICD9CM-V32
36,6983,lichenification,ICD9CM-V32
36,6984,dermatitis factitia,ICD9CM-V32
36,6988,pruritic conditions nec,ICD9CM-V32
36,6989,pruritic disorder nos,ICD9CM-V32
37,710,diff connective tiss dis*,ICD9CM-V32
37,7100,syst lupus erythematosus,ICD9CM-V32
37,7101,systemic sclerosis,ICD9CM-V32
37,7102,sicca syndrome,ICD9CM-V32
37,7103,dermatomyositis,ICD9CM-V32
37,7104,polymyositis,ICD9CM-V32
37,7105,eosinophilia myalgia snd,ICD9CM-V32
37,7108,diff connect tis dis nec,ICD9CM-V32
37,7109,diff connect tis dis nos,ICD9CM-V32
37,711,arthropathy w infection*,ICD9CM-V32
37,7110,pyogenic arthritis*,ICD9CM-V32
37,71100,pyogen arthritis-unspec,ICD9CM-V32
37,71101,pyogen arthritis-shlder,ICD9CM-V32
37,71102,pyogen arthritis-up/arm,ICD9CM-V32
37,71103,pyogen arthritis-forearm,ICD9CM-V32
37,71104,pyogen arthritis-hand,ICD9CM-V32
37,71105,pyogen arthritis-pelvis,ICD9CM-V32
37,71106,pyogen arthritis-l/leg,ICD9CM-V32
37,71107,pyogen arthritis-ankle,ICD9CM-V32
37,71108,pyogen arthritis nec,ICD9CM-V32
37,71109,pyogen arthritis-mult,ICD9CM-V32
37,7111,arthritis in reiters dis*,ICD9CM-V32
37,71110,reiter arthritis-unspec,ICD9CM-V32
37,71111,reiter arthritis-shlder,ICD9CM-V32
37,71112,reiter arthritis-up/arm,ICD9CM-V32
37,71113,reiter arthritis-forearm,ICD9CM-V32
37,71114,reiter arthritis-hand,ICD9CM-V32
37,71115,reiter arthritis-pelvis,ICD9CM-V32
37,71116,reiter arthritis-l/leg,ICD9CM-V32
37,71117,reiter arthritis-ankle,ICD9CM-V32
37,71118,reiter arthritis nec,ICD9CM-V32
37,71119,reiter arthritis-mult,ICD9CM-V32
37,7112,arthritis in behcets syn*,ICD9CM-V32
37,71120,behcet arthritis-unspec,ICD9CM-V32
37,71121,behcet arthritis-shlder,ICD9CM-V32
37,71122,behcet arthritis-up/arm,ICD9CM-V32
37,71123,behcet arthritis-forearm,ICD9CM-V32
37,71124,behcet arthritis-hand,ICD9CM-V32
37,71125,behcet arthritis-pelvis,ICD9CM-V32
37,71126,behcet arthritis-l/leg,ICD9CM-V32
37,71127,behcet arthritis-ankle,ICD9CM-V32
37,71128,behcet arthritis nec,ICD9CM-V32
37,71129,behcet arthritis-mult,ICD9CM-V32
37,7113,postdysenteric arthritis*,ICD9CM-V32
37,71130,dysenter arthrit-unspec,ICD9CM-V32
37,71131,dysenter arthrit-shlder,ICD9CM-V32
37,71132,dysenter arthrit-up/arm,ICD9CM-V32
37,71133,dysenter arthrit-forearm,ICD9CM-V32
37,71134,dysenter arthrit-hand,ICD9CM-V32
37,71135,dysenter arthrit-pelvis,ICD9CM-V32
37,71136,dysenter arthrit-l/leg,ICD9CM-V32
37,71137,dysenter arthrit-ankle,ICD9CM-V32
37,71138,dysenter arthrit nec,ICD9CM-V32
37,71139,dysenter arthrit-mult,ICD9CM-V32
37,7114,arthrit in oth bact dis*,ICD9CM-V32
37,71140,bact arthritis-unspec,ICD9CM-V32
37,71141,bact arthritis-shlder,ICD9CM-V32
37,71142,bact arthritis-up/arm,ICD9CM-V32
37,71143,bact arthritis-forearm,ICD9CM-V32
37,71144,bact arthritis-hand,ICD9CM-V32
37,71145,bact arthritis-pelvis,ICD9CM-V32
37,71146,bact arthritis-l/leg,ICD9CM-V32
37,71147,bact arthritis-ankle,ICD9CM-V32
37,71148,bact arthritis nec,ICD9CM-V32
37,71149,bact arthritis-mult,ICD9CM-V32
37,7115,arthritis in viral dis*,ICD9CM-V32
37,71150,viral arthritis-unspec,ICD9CM-V32
37,71151,viral arthritis-shlder,ICD9CM-V32
37,71152,viral arthritis-up/arm,ICD9CM-V32
37,71153,viral arthritis-forearm,ICD9CM-V32
37,71154,viral arthritis-hand,ICD9CM-V32
37,71155,viral arthritis-pelvis,ICD9CM-V32
37,71156,viral arthritis-l/leg,ICD9CM-V32
37,71157,viral arthritis-ankle,ICD9CM-V32
37,71158,viral arthritis nec,ICD9CM-V32
37,71159,viral arthritis-mult,ICD9CM-V32
37,7116,mycotic arthritis*,ICD9CM-V32
37,71160,mycotic arthritis-unspec,ICD9CM-V32
37,71161,mycotic arthritis-shlder,ICD9CM-V32
37,71162,mycotic arthritis-up/arm,ICD9CM-V32
37,71163,mycotic arthrit-forearm,ICD9CM-V32
37,71164,mycotic arthritis-hand,ICD9CM-V32
37,71165,mycotic arthritis-pelvis,ICD9CM-V32
37,71166,mycotic arthritis-l/leg,ICD9CM-V32
37,71167,mycotic arthritis-ankle,ICD9CM-V32
37,71168,mycotic arthritis nec,ICD9CM-V32
37,71169,mycotic arthritis-mult,ICD9CM-V32
37,7117,arthrit in helminthiasis*,ICD9CM-V32
37,71170,helminth arthrit-unspec,ICD9CM-V32
37,71171,helminth arthrit-shlder,ICD9CM-V32
37,71172,helminth arthrit-up/arm,ICD9CM-V32
37,71173,helminth arthrit-forearm,ICD9CM-V32
37,71174,helminth arthrit-hand,ICD9CM-V32
37,71175,helminth arthrit-pelvis,ICD9CM-V32
37,71176,helminth arthrit-l/leg,ICD9CM-V32
37,71177,helminth arthrit-ankle,ICD9CM-V32
37,71178,helminth arthrit nec,ICD9CM-V32
37,71179,helminth arthrit-mult,ICD9CM-V32
37,7118,arthrit in oth infec dis*,ICD9CM-V32
37,71180,inf arthritis nec-unspec,ICD9CM-V32
37,71181,inf arthritis nec-shlder,ICD9CM-V32
37,71182,inf arthritis nec-up/arm,ICD9CM-V32
37,71183,inf arthrit nec-forearm,ICD9CM-V32
37,71184,inf arthritis nec-hand,ICD9CM-V32
37,71185,inf arthritis nec-pelvis,ICD9CM-V32
37,71186,inf arthritis nec-l/leg,ICD9CM-V32
37,71187,inf arthritis nec-ankle,ICD9CM-V32
37,71188,inf arthrit nec-oth site,ICD9CM-V32
37,71189,inf arthritis nec-mult,ICD9CM-V32
37,7119,infective arthritis nos*,ICD9CM-V32
37,71190,inf arthritis nos-unspec,ICD9CM-V32
37,71191,inf arthritis nos-shlder,ICD9CM-V32
37,71192,inf arthritis nos-up/arm,ICD9CM-V32
37,71193,inf arthrit nos-forearm,ICD9CM-V32
37,71194,inf arthrit nos-hand,ICD9CM-V32
37,71195,inf arthrit nos-pelvis,ICD9CM-V32
37,71196,inf arthrit nos-l/leg,ICD9CM-V32
37,71197,inf arthrit nos-ankle,ICD9CM-V32
37,71198,inf arthrit nos-oth site,ICD9CM-V32
37,71199,inf arthritis nos-mult,ICD9CM-V32
37,712,crystal arthropathies*,ICD9CM-V32
37,7121,chondrocalc-dicalc phos*,ICD9CM-V32
37,71210,dicalc phos cryst-unspec,ICD9CM-V32
37,71211,dicalc phos cryst-shlder,ICD9CM-V32
37,71212,dicalc phos cryst-up/arm,ICD9CM-V32
37,71213,dicalc phos crys-forearm,ICD9CM-V32
37,71214,dicalc phos cryst-hand,ICD9CM-V32
37,71215,dicalc phos cryst-pelvis,ICD9CM-V32
37,71216,dicalc phos cryst-l/leg,ICD9CM-V32
37,71217,dicalc phos cryst-ankle,ICD9CM-V32
37,71218,dicalc phos cry-site nec,ICD9CM-V32
37,71219,dicalc phos cryst-mult,ICD9CM-V32
37,7122,chondrocalcin-pyrophosph*,ICD9CM-V32
37,71220,pyrophosph cryst-unspec,ICD9CM-V32
37,71221,pyrophosph cryst-shlder,ICD9CM-V32
37,71222,pyrophosph cryst-up/arm,ICD9CM-V32
37,71223,pyrophosph cryst-forearm,ICD9CM-V32
37,71224,pyrophosph cryst-hand,ICD9CM-V32
37,71225,pyrophosph cryst-pelvis,ICD9CM-V32
37,71226,pyrophosph cryst-l/leg,ICD9CM-V32
37,71227,pyrophosph cryst-ankle,ICD9CM-V32
37,71228,pyrophos cryst-site nec,ICD9CM-V32
37,71229,pyrophos cryst-mult,ICD9CM-V32
37,7123,chondrocalcinosis nos*,ICD9CM-V32
37,71230,chondrocalcin nos-unspec,ICD9CM-V32
37,71231,chondrocalcin nos-shlder,ICD9CM-V32
37,71232,chondrocalcin nos-up/arm,ICD9CM-V32
37,71233,chondrocalc nos-forearm,ICD9CM-V32
37,71234,chondrocalcin nos-hand,ICD9CM-V32
37,71235,chondrocalcin nos-pelvis,ICD9CM-V32
37,71236,chondrocalcin nos-l/leg,ICD9CM-V32
37,71237,chondrocalcin nos-ankle,ICD9CM-V32
37,71238,chondrocalc nos-oth site,ICD9CM-V32
37,71239,chondrocalcin nos-mult,ICD9CM-V32
37,7128,crystal arthropathy nec*,ICD9CM-V32
37,71280,cryst arthrop nec-unspec,ICD9CM-V32
37,71281,cryst arthrop nec-shlder,ICD9CM-V32
37,71282,cryst arthrop nec-up/arm,ICD9CM-V32
37,71283,crys arthrop nec-forearm,ICD9CM-V32
37,71284,cryst arthrop nec-hand,ICD9CM-V32
37,71285,cryst arthrop nec-pelvis,ICD9CM-V32
37,71286,cryst arthrop nec-l/leg,ICD9CM-V32
37,71287,cryst arthrop nec-ankle,ICD9CM-V32
37,71288,cry arthrop nec-oth site,ICD9CM-V32
37,71289,cryst arthrop nec-mult,ICD9CM-V32
37,7129,crystal arthropathy nos*,ICD9CM-V32
37,71290,cryst arthrop nos-unspec,ICD9CM-V32
37,71291,cryst arthrop nos-shldr,ICD9CM-V32
37,71292,cryst arthrop nos-up/arm,ICD9CM-V32
37,71293,crys arthrop nos-forearm,ICD9CM-V32
37,71294,cryst arthrop nos-hand,ICD9CM-V32
37,71295,cryst arthrop nos-pelvis,ICD9CM-V32
37,71296,cryst arthrop nos-l/leg,ICD9CM-V32
37,71297,cryst arthrop nos-ankle,ICD9CM-V32
37,71298,cry arthrop nos-oth site,ICD9CM-V32
37,71299,cryst arthrop nos-mult,ICD9CM-V32
37,713,arthropath in other dis*,ICD9CM-V32
37,7130,arthrop w endocr/met dis,ICD9CM-V32
37,7131,arthrop w noninf gi dis,ICD9CM-V32
37,7132,arthropath w hematol dis,ICD9CM-V32
37,7133,arthropathy w skin dis,ICD9CM-V32
37,7134,arthropathy w resp dis,ICD9CM-V32
37,7135,arthropathy w nerve dis,ICD9CM-V32
37,7136,arthrop w hypersen react,ICD9CM-V32
37,7137,arthrop w system dis nec,ICD9CM-V32
37,7138,arthrop w oth dis nec,ICD9CM-V32
37,714,oth inflamm polyarthrop*,ICD9CM-V32
37,7140,rheumatoid arthritis,ICD9CM-V32
37,7141,felty's syndrome,ICD9CM-V32
37,7142,syst rheum arthritis nec,ICD9CM-V32
37,7143,juv chron polyarthritis*,ICD9CM-V32
37,71430,juv rheum arthritis nos,ICD9CM-V32
37,71431,polyart juv rheum arthr,ICD9CM-V32
37,71432,pauciart juv rheum arthr,ICD9CM-V32
37,71433,monoart juv rheum arthr,ICD9CM-V32
37,7144,chr postrheum arthritis,ICD9CM-V32
37,7148,inflam polyarthrop nec*,ICD9CM-V32
37,71481,rheumatoid lung,ICD9CM-V32
37,71489,inflamm polyarthrop nec,ICD9CM-V32
37,7149,inflamm polyarthrop nos,ICD9CM-V32
37,715,osteoarthrosis et al*,ICD9CM-V32
37,7150,general osteoarthrosis*,ICD9CM-V32
37,71500,general osteoarthrosis,ICD9CM-V32
37,71504,gen osteoarthros-hand,ICD9CM-V32
37,71509,general osteoarthrosis,ICD9CM-V32
37,7151,loc primary osteoarthros*,ICD9CM-V32
37,71510,loc prim osteoart-unspec,ICD9CM-V32
37,71511,loc prim osteoart-shlder,ICD9CM-V32
37,71512,loc prim osteoart-up/arm,ICD9CM-V32
37,71513,loc prim osteoart-forarm,ICD9CM-V32
37,71514,loc prim osteoarth-hand,ICD9CM-V32
37,71515,loc prim osteoart-pelvis,ICD9CM-V32
37,71516,loc prim osteoart-l/leg,ICD9CM-V32
37,71517,loc prim osteoarth-ankle,ICD9CM-V32
37,71518,loc prim osteoarthr nec,ICD9CM-V32
37,7152,local 2ndry osteoarthros*,ICD9CM-V32
37,71520,loc 2nd osteoarth-unspec,ICD9CM-V32
37,71521,loc 2nd osteoarth-shlder,ICD9CM-V32
37,71522,loc 2nd osteoarth-up/arm,ICD9CM-V32
37,71523,loc 2nd osteoart-forearm,ICD9CM-V32
37,71524,loc 2nd osteoarthro-hand,ICD9CM-V32
37,71525,loc 2nd osteoarth-pelvis,ICD9CM-V32
37,71526,loc 2nd osteoarthr-l/leg,ICD9CM-V32
37,71527,loc 2nd osteoarthr-ankle,ICD9CM-V32
37,71528,loc 2nd osteoarthros nec,ICD9CM-V32
37,7153,local osteoarthrosis nos*,ICD9CM-V32
37,71530,loc osteoarth nos-unspec,ICD9CM-V32
37,71531,loc osteoarth nos-shlder,ICD9CM-V32
37,71532,loc osteoarth nos-up/arm,ICD9CM-V32
37,71533,loc osteoart nos-forearm,ICD9CM-V32
37,71534,loc osteoarth nos-hand,ICD9CM-V32
37,71535,loc osteoarth nos-pelvis,ICD9CM-V32
37,71536,loc osteoarth nos-l/leg,ICD9CM-V32
37,71537,loc osteoarth nos-ankle,ICD9CM-V32
37,71538,loc osteoar nos-site nec,ICD9CM-V32
37,7158,osteoarthrosis-mult site*,ICD9CM-V32
37,71580,osteoarthrosis-mult site,ICD9CM-V32
37,71589,osteoarthrosis-mult site,ICD9CM-V32
37,7159,osteoarthrosis nos*,ICD9CM-V32
37,71590,osteoarthros nos-unspec,ICD9CM-V32
37,71591,osteoarthros nos-shlder,ICD9CM-V32
37,71592,osteoarthros nos-up/arm,ICD9CM-V32
37,71593,osteoarthros nos-forearm,ICD9CM-V32
37,71594,osteoarthros nos-hand,ICD9CM-V32
37,71595,osteoarthros nos-pelvis,ICD9CM-V32
37,71596,osteoarthros nos-l/leg,ICD9CM-V32
37,71597,osteoarthros nos-ankle,ICD9CM-V32
37,71598,osteoarthro nos-oth site,ICD9CM-V32
37,716,arthropathies nec/nos*,ICD9CM-V32
37,7160,kaschin-beck disease*,ICD9CM-V32
37,71600,kaschin-beck dis-unspec,ICD9CM-V32
37,71601,kaschin-beck dis-shlder,ICD9CM-V32
37,71602,kaschin-beck dis-up/arm,ICD9CM-V32
37,71603,kaschin-beck dis-forearm,ICD9CM-V32
37,71604,kaschin-beck dis-hand,ICD9CM-V32
37,71605,kaschin-beck dis-pelvis,ICD9CM-V32
37,71606,kaschin-beck dis-l/leg,ICD9CM-V32
37,71607,kaschin-beck dis-ankle,ICD9CM-V32
37,71608,kaschin-beck dis nec,ICD9CM-V32
37,71609,kaschin-beck dis-mult,ICD9CM-V32
37,7161,traumatic arthropathy*,ICD9CM-V32
37,71610,traum arthropathy-unspec,ICD9CM-V32
37,71611,traum arthropathy-shlder,ICD9CM-V32
37,71612,traum arthropathy-up/arm,ICD9CM-V32
37,71613,traum arthropath-forearm,ICD9CM-V32
37,71614,traum arthropathy-hand,ICD9CM-V32
37,71615,traum arthropathy-pelvis,ICD9CM-V32
37,71616,traum arthropathy-l/leg,ICD9CM-V32
37,71617,traum arthropathy-ankle,ICD9CM-V32
37,71618,traum arthropathy nec,ICD9CM-V32
37,71619,traum arthropathy-mult,ICD9CM-V32
37,7162,allergic arthritis*,ICD9CM-V32
37,71620,allerg arthritis-unspec,ICD9CM-V32
37,71621,allerg arthritis-shlder,ICD9CM-V32
37,71622,allerg arthritis-up/arm,ICD9CM-V32
37,71623,allerg arthritis-forearm,ICD9CM-V32
37,71624,allerg arthritis-hand,ICD9CM-V32
37,71625,allerg arthritis-pelvis,ICD9CM-V32
37,71626,allerg arthritis-l/leg,ICD9CM-V32
37,71627,allerg arthritis-ankle,ICD9CM-V32
37,71628,allerg arthritis nec,ICD9CM-V32
37,71629,allerg arthritis-mult,ICD9CM-V32
37,7163,climacteric arthritis*,ICD9CM-V32
37,71630,climact arthritis-unspec,ICD9CM-V32
37,71631,climact arthritis-shlder,ICD9CM-V32
37,71632,climact arthritis-up/arm,ICD9CM-V32
37,71633,climact arthrit-forearm,ICD9CM-V32
37,71634,climact arthritis-hand,ICD9CM-V32
37,71635,climact arthritis-pelvis,ICD9CM-V32
37,71636,climact arthritis-l/leg,ICD9CM-V32
37,71637,climact arthritis-ankle,ICD9CM-V32
37,71638,climact arthritis nec,ICD9CM-V32
37,71639,climact arthritis-mult,ICD9CM-V32
37,7164,transient arthropathy*,ICD9CM-V32
37,71640,trans arthropathy-unspec,ICD9CM-V32
37,71641,trans arthropathy-shlder,ICD9CM-V32
37,71642,trans arthropathy-up/arm,ICD9CM-V32
37,71643,trans arthropath-forearm,ICD9CM-V32
37,71644,trans arthropathy-hand,ICD9CM-V32
37,71645,trans arthropathy-pelvis,ICD9CM-V32
37,71646,trans arthropathy-l/leg,ICD9CM-V32
37,71647,trans arthropathy-ankle,ICD9CM-V32
37,71648,trans arthropathy nec,ICD9CM-V32
37,71649,trans arthropathy-mult,ICD9CM-V32
37,7165,polyarthritis nos*,ICD9CM-V32
37,71650,polyarthritis nos-unspec,ICD9CM-V32
37,71651,polyarthritis nos-shlder,ICD9CM-V32
37,71652,polyarthritis nos-up/arm,ICD9CM-V32
37,71653,polyarthrit nos-forearm,ICD9CM-V32
37,71654,polyarthritis nos-hand,ICD9CM-V32
37,71655,polyarthritis nos-pelvis,ICD9CM-V32
37,71656,polyarthritis nos-l/leg,ICD9CM-V32
37,71657,polyarthritis nos-ankle,ICD9CM-V32
37,71658,polyarthrit nos-oth site,ICD9CM-V32
37,71659,polyarthritis nos-mult,ICD9CM-V32
37,7166,monoarthritis nos*,ICD9CM-V32
37,71660,monoarthritis nos-unspec,ICD9CM-V32
37,71661,monoarthritis nos-shlder,ICD9CM-V32
37,71662,monoarthritis nos-up/arm,ICD9CM-V32
37,71663,monoarthrit nos-forearm,ICD9CM-V32
37,71664,monoarthritis nos-hand,ICD9CM-V32
37,71665,monoarthritis nos-pelvis,ICD9CM-V32
37,71666,monoarthritis nos-l/leg,ICD9CM-V32
37,71667,monoarthritis nos-ankle,ICD9CM-V32
37,71668,monoarthrit nos-oth site,ICD9CM-V32
37,7168,arthropathy nec*,ICD9CM-V32
37,71680,arthropathy nec-unspec,ICD9CM-V32
37,71681,arthropathy nec-shlder,ICD9CM-V32
37,71682,arthropathy nec-up/arm,ICD9CM-V32
37,71683,arthropathy nec-forearm,ICD9CM-V32
37,71684,arthropathy nec-hand,ICD9CM-V32
37,71685,arthropathy nec-pelvis,ICD9CM-V32
37,71686,arthropathy nec-l/leg,ICD9CM-V32
37,71687,arthropathy nec-ankle,ICD9CM-V32
37,71688,arthropathy nec-oth site,ICD9CM-V32
37,71689,arthropathy nec-mult,ICD9CM-V32
37,7169,arthropathy nos*,ICD9CM-V32
37,71690,arthropathy nos-unspec,ICD9CM-V32
37,71691,arthropathy nos-shlder,ICD9CM-V32
37,71692,arthropathy nos-up/arm,ICD9CM-V32
37,71693,arthropathy nos-forearm,ICD9CM-V32
37,71694,arthropathy nos-hand,ICD9CM-V32
37,71695,arthropathy nos-pelvis,ICD9CM-V32
37,71696,arthropathy nos-l/leg,ICD9CM-V32
37,71697,arthropathy nos-ankle,ICD9CM-V32
37,71698,arthropathy nos-oth site,ICD9CM-V32
37,71699,arthropathy nos-mult,ICD9CM-V32
37,717,internal derangemnt knee*,ICD9CM-V32
37,7170,old bucket tear med men,ICD9CM-V32
37,7171,derang ant med meniscus,ICD9CM-V32
37,7172,derang post med meniscus,ICD9CM-V32
37,7173,derang med meniscus nec,ICD9CM-V32
37,7174,derangement lat meniscus*,ICD9CM-V32
37,71740,derang lat meniscus nos,ICD9CM-V32
37,71741,old bucket tear lat men,ICD9CM-V32
37,71742,derange ant lat meniscus,ICD9CM-V32
37,71743,derang post lat meniscus,ICD9CM-V32
37,71749,derang lat meniscus nec,ICD9CM-V32
37,7175,derangement meniscus nec,ICD9CM-V32
37,7176,loose body in knee,ICD9CM-V32
37,7177,chondromalacia patellae,ICD9CM-V32
37,7178,oth int derangement knee*,ICD9CM-V32
37,71781,old disrupt lat collat,ICD9CM-V32
37,71782,old disrupt med collat,ICD9CM-V32
37,71783,old disrupt ant cruciate,ICD9CM-V32
37,71784,old disrupt post cruciat,ICD9CM-V32
37,71785,old disrupt knee lig nec,ICD9CM-V32
37,71789,int derangement knee nec,ICD9CM-V32
37,7179,int derangement knee nos,ICD9CM-V32
37,718,other joint derangement*,ICD9CM-V32
37,7180,articular cartilage dis*,ICD9CM-V32
37,71800,artic cartil dis-unspec,ICD9CM-V32
37,71801,artic cartil dis-shlder,ICD9CM-V32
37,71802,artic cartil dis-up/arm,ICD9CM-V32
37,71803,artic cartil dis-forearm,ICD9CM-V32
37,71804,artic cartil dis-hand,ICD9CM-V32
37,71805,artic cartil dis-pelvis,ICD9CM-V32
37,71807,artic cartil dis-ankle,ICD9CM-V32
37,71808,artic cartil dis-jt nec,ICD9CM-V32
37,71809,artic cartil dis-mult jt,ICD9CM-V32
37,7181,loose body in joint*,ICD9CM-V32
37,71810,loose body-unspec,ICD9CM-V32
37,71811,loose body-shlder,ICD9CM-V32
37,71812,loose body-up/arm,ICD9CM-V32
37,71813,loose body-forearm,ICD9CM-V32
37,71814,loose body-hand,ICD9CM-V32
37,71815,loose body-pelvis,ICD9CM-V32
37,71817,loose body-ankle,ICD9CM-V32
37,71818,loose body-joint nec,ICD9CM-V32
37,71819,loose body-mult joints,ICD9CM-V32
37,7182,pathological dislocation*,ICD9CM-V32
37,71820,pathol dislocat-unspec,ICD9CM-V32
37,71821,pathol dislocat-shlder,ICD9CM-V32
37,71822,pathol dislocat-up/arm,ICD9CM-V32
37,71823,pathol dislocat-forearm,ICD9CM-V32
37,71824,pathol dislocat-hand,ICD9CM-V32
37,71825,pathol dislocat-pelvis,ICD9CM-V32
37,71826,pathol dislocat-l/leg,ICD9CM-V32
37,71827,pathol dislocat-ankle,ICD9CM-V32
37,71828,pathol dislocat-jt nec,ICD9CM-V32
37,71829,pathol dislocat-mult jts,ICD9CM-V32
37,7183,recurrent dislocation*,ICD9CM-V32
37,71830,recur dislocat-unspec,ICD9CM-V32
37,71831,recur dislocat-shlder,ICD9CM-V32
37,71832,recur dislocat-up/arm,ICD9CM-V32
37,71833,recur dislocat-forearm,ICD9CM-V32
37,71834,recur dislocat-hand,ICD9CM-V32
37,71835,recur dislocat-pelvis,ICD9CM-V32
37,71836,recur dislocat-l/leg,ICD9CM-V32
37,71837,recur dislocat-ankle,ICD9CM-V32
37,71838,recur dislocat-jt nec,ICD9CM-V32
37,71839,recur dislocat-mult jts,ICD9CM-V32
37,7184,contracture of joint*,ICD9CM-V32
37,71840,jt contracture-unspec,ICD9CM-V32
37,71841,jt contracture-shlder,ICD9CM-V32
37,71842,jt contracture-up/arm,ICD9CM-V32
37,71843,jt contracture-forearm,ICD9CM-V32
37,71844,jt contracture-hand,ICD9CM-V32
37,71845,jt contracture-pelvis,ICD9CM-V32
37,71846,jt contracture-l/leg,ICD9CM-V32
37,71847,jt contracture-ankle,ICD9CM-V32
37,71848,jt contracture-jt nec,ICD9CM-V32
37,71849,jt contracture-mult jts,ICD9CM-V32
37,7185,ankylosis of joint*,ICD9CM-V32
37,71850,ankylosis-unspec,ICD9CM-V32
37,71851,ankylosis-shoulder,ICD9CM-V32
37,71852,ankylosis-upper/arm,ICD9CM-V32
37,71853,ankylosis-forearm,ICD9CM-V32
37,71854,ankylosis-hand,ICD9CM-V32
37,71855,ankylosis-pelvis,ICD9CM-V32
37,71856,ankylosis-lower/leg,ICD9CM-V32
37,71857,ankylosis-ankle,ICD9CM-V32
37,71858,ankylosis-joint nec,ICD9CM-V32
37,71859,ankylosis-mult joints,ICD9CM-V32
37,7186,protrusio acetabuli nos*,ICD9CM-V32
37,71860,protrusio acetab-unspec#,ICD9CM-V32
37,71865,protrusio acetabuli nos,ICD9CM-V32
37,7187,*,ICD9CM-V32
37,71870,dev dislocat jt site nos,ICD9CM-V32
37,71871,dev dislocat joint-shldr,ICD9CM-V32
37,71872,dev dislocat jt-up/arm,ICD9CM-V32
37,71873,dev dislocat jt-forearm,ICD9CM-V32
37,71874,dev dislocat joint-hand,ICD9CM-V32
37,71875,dev dis jt-pelvic/thigh,ICD9CM-V32
37,71876,dev disloc jt-lower leg,ICD9CM-V32
37,71877,dev disloc jt-ankle/foot,ICD9CM-V32
37,71878,dev disloc jt-site nec,ICD9CM-V32
37,71879,dev disloc jt-mult sites,ICD9CM-V32
37,7188,joint derangement nec*,ICD9CM-V32
37,71880,jt derangmnt nec-unsp jt,ICD9CM-V32
37,71881,jt derangment nec-shlder,ICD9CM-V32
37,71882,jt derangment nec-up/arm,ICD9CM-V32
37,71883,jt derangmnt nec-forearm,ICD9CM-V32
37,71884,jt derangement nec-hand,ICD9CM-V32
37,71885,jt derangment nec-pelvis,ICD9CM-V32
37,71886,jt derangement nec-l/leg,ICD9CM-V32
37,71887,jt derangement nec-ankle,ICD9CM-V32
37,71888,jt derangment nec-oth jt,ICD9CM-V32
37,71889,jt derangement nec-mult,ICD9CM-V32
37,7189,derangement of joint nos*,ICD9CM-V32
37,71890,jt derangmnt nos-unsp jt,ICD9CM-V32
37,71891,jt derangment nos-shlder,ICD9CM-V32
37,71892,jt derangment nos-up/arm,ICD9CM-V32
37,71893,jt derangmnt nos-forearm,ICD9CM-V32
37,71894,jt derangement nos-hand,ICD9CM-V32
37,71895,jt derangment nos-pelvis,ICD9CM-V32
37,71897,jt derangement nos-ankle,ICD9CM-V32
37,71898,jt derangment nos-oth jt,ICD9CM-V32
37,71899,jt derangement nos-mult,ICD9CM-V32
37,719,joint disorder nec & nos*,ICD9CM-V32
37,7190,effusion of joint*,ICD9CM-V32
37,71900,joint effusion-unspec,ICD9CM-V32
37,71901,joint effusion-shlder,ICD9CM-V32
37,71902,joint effusion-up/arm,ICD9CM-V32
37,71903,joint effusion-forearm,ICD9CM-V32
37,71904,joint effusion-hand,ICD9CM-V32
37,71905,joint effusion-pelvis,ICD9CM-V32
37,71906,joint effusion-l/leg,ICD9CM-V32
37,71907,joint effusion-ankle,ICD9CM-V32
37,71908,joint effusion-jt nec,ICD9CM-V32
37,71909,joint effusion-mult jts,ICD9CM-V32
37,7191,hemarthrosis*,ICD9CM-V32
37,71910,hemarthrosis-unspec,ICD9CM-V32
37,71911,hemarthrosis-shlder,ICD9CM-V32
37,71912,hemarthrosis-up/arm,ICD9CM-V32
37,71913,hemarthrosis-forearm,ICD9CM-V32
37,71914,hemarthrosis-hand,ICD9CM-V32
37,71915,hemarthrosis-pelvis,ICD9CM-V32
37,71916,hemarthrosis-l/leg,ICD9CM-V32
37,71917,hemarthrosis-ankle,ICD9CM-V32
37,71918,hemarthrosis-jt nec,ICD9CM-V32
37,71919,hemarthrosis-mult jts,ICD9CM-V32
37,7192,villonodular synovitis*,ICD9CM-V32
37,71920,villonod synovit-unspec,ICD9CM-V32
37,71921,villonod synovit-shlder,ICD9CM-V32
37,71922,villonod synovit-up/arm,ICD9CM-V32
37,71923,villonod synovit-forearm,ICD9CM-V32
37,71924,villonod synovit-hand,ICD9CM-V32
37,71925,villonod synovit-pelvis,ICD9CM-V32
37,71926,villonod synovit-l/leg,ICD9CM-V32
37,71927,villonod synovit-ankle,ICD9CM-V32
37,71928,villonod synovit-jt nec,ICD9CM-V32
37,71929,villonod synovit-mult jt,ICD9CM-V32
37,7193,palindromic rheumatism*,ICD9CM-V32
37,71930,palindrom rheum-unspec,ICD9CM-V32
37,71931,palindrom rheum-shlder,ICD9CM-V32
37,71932,palindrom rheum-up/arm,ICD9CM-V32
37,71933,palindrom rheum-forearm,ICD9CM-V32
37,71934,palindrom rheum-hand,ICD9CM-V32
37,71935,palindrom rheum-pelvis,ICD9CM-V32
37,71936,palindrom rheum-l/leg,ICD9CM-V32
37,71937,palindrom rheum-ankle,ICD9CM-V32
37,71938,palindrom rheum-jt nec,ICD9CM-V32
37,71939,palindrom rheum-mult jts,ICD9CM-V32
37,7194,pain in joint*,ICD9CM-V32
37,71940,joint pain-unspec,ICD9CM-V32
37,71941,joint pain-shlder,ICD9CM-V32
37,71942,joint pain-up/arm,ICD9CM-V32
37,71943,joint pain-forearm,ICD9CM-V32
37,71944,joint pain-hand,ICD9CM-V32
37,71945,joint pain-pelvis,ICD9CM-V32
37,71946,joint pain-l/leg,ICD9CM-V32
37,71947,joint pain-ankle,ICD9CM-V32
37,71948,joint pain-jt nec,ICD9CM-V32
37,71949,joint pain-mult jts,ICD9CM-V32
37,7195,stiffness of joint nec*,ICD9CM-V32
37,71950,jt stiffness nec-unspec,ICD9CM-V32
37,71951,jt stiffness nec-shlder,ICD9CM-V32
37,71952,jt stiffness nec-up/arm,ICD9CM-V32
37,71953,jt stiffnes nec-forearm,ICD9CM-V32
37,71954,jt stiffness nec-hand,ICD9CM-V32
37,71955,jt stiffness nec-pelvis,ICD9CM-V32
37,71956,jt stiffness nec-l/leg,ICD9CM-V32
37,71957,jt stiffness nec-ankle,ICD9CM-V32
37,71958,jt stiffness nec-oth jt,ICD9CM-V32
37,71959,jt stiffness nec-mult jt,ICD9CM-V32
37,7196,joint symptoms nec*,ICD9CM-V32
37,71960,joint sympt nec-unsp jt,ICD9CM-V32
37,71961,joint symptom nec-shlder,ICD9CM-V32
37,71962,joint symptom nec-up/arm,ICD9CM-V32
37,71963,joint sympt nec-forearm,ICD9CM-V32
37,71964,joint symptom nec-hand,ICD9CM-V32
37,71965,joint symptom nec-pelvis,ICD9CM-V32
37,71966,joint symptom nec-l/leg,ICD9CM-V32
37,71967,joint symptom nec-ankle,ICD9CM-V32
37,71968,joint symptom nec-oth jt,ICD9CM-V32
37,71969,joint sympt nec-mult jts,ICD9CM-V32
37,7197,difficulty in walking,ICD9CM-V32
37,71970,difficult walk-unspec#,ICD9CM-V32
37,71975,difficult walk-pelvis#,ICD9CM-V32
37,71976,difficult walk-lo/leg#,ICD9CM-V32
37,71977,difficult walk-foot#,ICD9CM-V32
37,71978,difficult walk nec#,ICD9CM-V32
37,71979,difficult walk-mult#,ICD9CM-V32
37,7198,joint disorders nec*,ICD9CM-V32
37,71980,joint dis nec-unspec,ICD9CM-V32
37,71981,joint dis nec-shlder,ICD9CM-V32
37,71982,joint dis nec-up/arm,ICD9CM-V32
37,71983,joint dis nec-forearm,ICD9CM-V32
37,71984,joint dis nec-hand,ICD9CM-V32
37,71985,joint dis nec-pelvis,ICD9CM-V32
37,71986,joint dis nec-l/leg,ICD9CM-V32
37,71987,joint dis nec-ankle,ICD9CM-V32
37,71988,joint dis nec-oth jt,ICD9CM-V32
37,71989,joint dis nec-mult jts,ICD9CM-V32
37,7199,joint disorder nos*,ICD9CM-V32
37,71990,joint dis nos-unspec jt,ICD9CM-V32
37,71991,joint dis nos-shlder,ICD9CM-V32
37,71992,joint dis nos-up/arm,ICD9CM-V32
37,71993,joint dis nos-forearm,ICD9CM-V32
37,71994,joint dis nos-hand,ICD9CM-V32
37,71995,joint dis nos-pelvis,ICD9CM-V32
37,71996,joint dis nos-l/leg,ICD9CM-V32
37,71997,joint dis nos-ankle,ICD9CM-V32
37,71998,joint dis nos-oth jt,ICD9CM-V32
37,71999,joint dis nos-mult jts,ICD9CM-V32
38,720,inflam spondylopathies*,ICD9CM-V32
38,7200,ankylosing spondylitis,ICD9CM-V32
38,7201,spinal enthesopathy,ICD9CM-V32
38,7202,sacroiliitis nec,ICD9CM-V32
38,7208,oth inflam spondylopathy*,ICD9CM-V32
38,72081,spondylopathy in oth dis,ICD9CM-V32
38,72089,inflam spondylopathy nec,ICD9CM-V32
38,7209,inflam spondylopathy nos,ICD9CM-V32
38,721,spondylosis et al*,ICD9CM-V32
38,7210,cervical spondylosis,ICD9CM-V32
38,7211,cerv spondyl w myelopath,ICD9CM-V32
38,7212,thoracic spondylosis,ICD9CM-V32
38,7213,lumbosacral spondylosis,ICD9CM-V32
38,7214,thor/lum spondyl w myelo*,ICD9CM-V32
38,72141,spond compr thor sp cord,ICD9CM-V32
38,72142,spond compr lumb sp cord,ICD9CM-V32
38,7215,kissing spine,ICD9CM-V32
38,7216,ankyl vert hyperostosis,ICD9CM-V32
38,7217,traumatic spondylopathy,ICD9CM-V32
38,7218,spinal disorders nec,ICD9CM-V32
38,7219,spondylosis nos*,ICD9CM-V32
38,72190,spondylos nos w/o myelop,ICD9CM-V32
38,72191,spondylosis nos w myelop,ICD9CM-V32
38,722,intervertebral disc dis*,ICD9CM-V32
38,7220,cervical disc displacmnt,ICD9CM-V32
38,7221,thorac/lumb disc displac*,ICD9CM-V32
38,72210,lumbar disc displacement,ICD9CM-V32
38,72211,thoracic disc displacmnt,ICD9CM-V32
38,7222,disc displacement nos,ICD9CM-V32
38,7223,schmorl's nodes*,ICD9CM-V32
38,72230,schmorl's nodes nos,ICD9CM-V32
38,72231,schmorls node-thoracic,ICD9CM-V32
38,72232,schmorls node-lumbar,ICD9CM-V32
38,72239,schmorls node-region nec,ICD9CM-V32
38,7224,cervical disc degen,ICD9CM-V32
38,7225,thorac/lumbar disc degen*,ICD9CM-V32
38,72251,thoracic disc degen,ICD9CM-V32
38,72252,lumb/lumbosac disc degen,ICD9CM-V32
38,7226,disc degeneration nos,ICD9CM-V32
38,7227,disc dis w myelopathy*,ICD9CM-V32
38,72270,disc dis w myelopath nos,ICD9CM-V32
38,72271,cerv disc dis w myelopat,ICD9CM-V32
38,72272,thor disc dis w myelopat,ICD9CM-V32
38,72273,lumb disc dis w myelopat,ICD9CM-V32
38,7228,postlaminectomy syndrome*,ICD9CM-V32
38,72280,postlaminectomy synd nos,ICD9CM-V32
38,72281,postlaminect synd-cerv,ICD9CM-V32
38,72282,postlaminect synd-thorac,ICD9CM-V32
38,72283,postlaminect synd-lumbar,ICD9CM-V32
38,7229,disc disorder nec/nos*,ICD9CM-V32
38,72290,disc dis nec/nos-unspec,ICD9CM-V32
38,72291,disc dis nec/nos-cerv,ICD9CM-V32
38,72292,disc dis nec/nos-thorac,ICD9CM-V32
38,72293,disc dis nec/nos-lumbar,ICD9CM-V32
38,723,other cervical spine dis*,ICD9CM-V32
38,7230,cervical spinal stenosis,ICD9CM-V32
38,7231,cervicalgia,ICD9CM-V32
38,7232,cervicocranial syndrome,ICD9CM-V32
38,7233,cervicobrachial syndrome,ICD9CM-V32
38,7234,brachial neuritis nos,ICD9CM-V32
38,7235,torticollis nos,ICD9CM-V32
38,7236,panniculitis of neck,ICD9CM-V32
38,7237,ossification cerv lig,ICD9CM-V32
38,7238,cervical syndrome nec,ICD9CM-V32
38,7239,neck disorder/sympt nos,ICD9CM-V32
38,724,back disorder nec & nos*,ICD9CM-V32
38,7240,spinal stenosis nec*,ICD9CM-V32
38,72400,spinal stenosis nos,ICD9CM-V32
38,72401,spinal stenosis-thoracic,ICD9CM-V32
38,72402,"spin sten,lumbr wo claud",ICD9CM-V32
38,72403,"spin sten,lumbr w claud",ICD9CM-V32
38,72409,spinal stenosis-oth site,ICD9CM-V32
38,7241,pain in thoracic spine,ICD9CM-V32
38,7242,lumbago,ICD9CM-V32
38,7243,sciatica,ICD9CM-V32
38,7244,lumbosacral neuritis nos,ICD9CM-V32
38,7245,backache nos,ICD9CM-V32
38,7246,disorders of sacrum,ICD9CM-V32
38,7247,disorders of coccyx*,ICD9CM-V32
38,72470,disorder of coccyx nos,ICD9CM-V32
38,72471,hypermobility of coccyx,ICD9CM-V32
38,72479,disorder of coccyx nec,ICD9CM-V32
38,7248,other back symptoms,ICD9CM-V32
38,7249,back disorder nos,ICD9CM-V32
39,725,polymyalgia rheumatica,ICD9CM-V32
39,726,periph enthesopathies*,ICD9CM-V32
39,7260,adhesive capsulit shlder,ICD9CM-V32
39,7261,rotator cuff syndr et al*,ICD9CM-V32
39,72610,rotator cuff synd nos,ICD9CM-V32
39,72611,calcif tendinitis shlder,ICD9CM-V32
39,72612,bicipital tenosynovitis,ICD9CM-V32
39,72613,partial tear rotatr cuff,ICD9CM-V32
39,72619,rotator cuff dis nec,ICD9CM-V32
39,7262,shoulder region dis nec,ICD9CM-V32
39,7263,enthesopathy of elbow*,ICD9CM-V32
39,72630,elbow enthesopathy nos,ICD9CM-V32
39,72631,medial epicondylitis,ICD9CM-V32
39,72632,lateral epicondylitis,ICD9CM-V32
39,72633,olecranon bursitis,ICD9CM-V32
39,72639,elbow enthesopathy nec,ICD9CM-V32
39,7264,enthesopathy of wrist,ICD9CM-V32
39,7265,enthesopathy of hip,ICD9CM-V32
39,7266,enthesopathy of knee*,ICD9CM-V32
39,72660,enthesopathy of knee nos,ICD9CM-V32
39,72661,pes anserinus tendinitis,ICD9CM-V32
39,72662,tibial coll lig bursitis,ICD9CM-V32
39,72663,fibula coll lig bursitis,ICD9CM-V32
39,72664,patellar tendinitis,ICD9CM-V32
39,72665,prepatellar bursitis,ICD9CM-V32
39,72669,enthesopathy of knee nec,ICD9CM-V32
39,7267,enthesopathy of ankle*,ICD9CM-V32
39,72670,ankle enthesopathy nos,ICD9CM-V32
39,72671,achilles tendinitis,ICD9CM-V32
39,72672,tibialis tendinitis,ICD9CM-V32
39,72673,calcaneal spur,ICD9CM-V32
39,72679,ankle enthesopathy nec,ICD9CM-V32
39,7268,periph enthesopathy nec,ICD9CM-V32
39,7269,enthesopathy nos*,ICD9CM-V32
39,72690,"enthesopathy, site nos",ICD9CM-V32
39,72691,"exostosis, site nos",ICD9CM-V32
39,727,oth dis synov/tend/bursa*,ICD9CM-V32
39,7270,synovitis/tenosynovitis*,ICD9CM-V32
39,72700,synovitis nos,ICD9CM-V32
39,72701,synovitis in oth dis,ICD9CM-V32
39,72702,giant cell tumor tendon,ICD9CM-V32
39,72703,trigger finger,ICD9CM-V32
39,72704,radial styloid tenosynov,ICD9CM-V32
39,72705,tenosynov hand/wrist nec,ICD9CM-V32
39,72706,tenosynovitis foot/ankle,ICD9CM-V32
39,72709,synovitis nec,ICD9CM-V32
39,7271,bunion,ICD9CM-V32
39,7272,occupational bursitis,ICD9CM-V32
39,7273,bursitis nec,ICD9CM-V32
39,7274,joint or tendon ganglion*,ICD9CM-V32
39,72740,synovial cyst nos,ICD9CM-V32
39,72741,ganglion of joint,ICD9CM-V32
39,72742,ganglion of tendon,ICD9CM-V32
39,72743,ganglion nos,ICD9CM-V32
39,72749,bursal cyst nec,ICD9CM-V32
39,7275,rupture of synovium*,ICD9CM-V32
39,72750,rupture of synovium nos,ICD9CM-V32
39,72751,popliteal synovial cyst,ICD9CM-V32
39,72759,rupture of synovium nec,ICD9CM-V32
39,7276,nontraum tendon rupture*,ICD9CM-V32
39,72760,nontraum tendon rupt nos,ICD9CM-V32
39,72761,rotator cuff rupture,ICD9CM-V32
39,72762,biceps tendon rupture,ICD9CM-V32
39,72763,rupt exten tendon hand,ICD9CM-V32
39,72764,rupt flexor tendon hand,ICD9CM-V32
39,72765,rupture quadricep tendon,ICD9CM-V32
39,72766,rupture patellar tendon,ICD9CM-V32
39,72767,rupture achilles tendon,ICD9CM-V32
39,72768,rupture tendon foot nec,ICD9CM-V32
39,72769,nontraum tendon rupt nec,ICD9CM-V32
39,7278,dis synov/tend/bursa nec*,ICD9CM-V32
39,72781,contracture of tendon,ICD9CM-V32
39,72782,calcium deposit tendon,ICD9CM-V32
39,72783,plica syndrome,ICD9CM-V32
39,72789,synov/tend/bursa dis nec,ICD9CM-V32
39,7279,synov/tend/bursa dis nos,ICD9CM-V32
39,728,dis of muscle/lig/fascia*,ICD9CM-V32
39,7280,infective myositis,ICD9CM-V32
39,7281,muscular calcification*,ICD9CM-V32
39,72810,muscular calcificat nos,ICD9CM-V32
39,72811,prog myositis ossificans,ICD9CM-V32
39,72812,traum myositis ossifican,ICD9CM-V32
39,72813,postop heterotopic calc,ICD9CM-V32
39,72819,muscular calcificat nec,ICD9CM-V32
39,7282,musc disuse atrophy nec,ICD9CM-V32
39,7283,muscle disorders nec,ICD9CM-V32
39,7284,laxity of ligament,ICD9CM-V32
39,7285,hypermobility syndrome,ICD9CM-V32
39,7286,contracted palmar fascia,ICD9CM-V32
39,7287,other fibromatoses*,ICD9CM-V32
39,72871,plantar fibromatosis,ICD9CM-V32
39,72879,fibromatoses nec,ICD9CM-V32
39,7288,oth muscle/ligament dis*,ICD9CM-V32
39,72881,interstitial myositis,ICD9CM-V32
39,72882,fb granuloma of muscle,ICD9CM-V32
39,72883,nontraum muscle rupture,ICD9CM-V32
39,72884,diastasis of muscle,ICD9CM-V32
39,72885,spasm of muscle,ICD9CM-V32
39,72886,necrotizing fasciitis,ICD9CM-V32
39,72887,muscle weakness-general,ICD9CM-V32
39,72888,rhabdomyolysis,ICD9CM-V32
39,72889,muscle/ligament dis nec,ICD9CM-V32
39,7289,muscle/ligament dis nos,ICD9CM-V32
39,729,other soft tissue dis*,ICD9CM-V32
39,7290,rheumatism nos,ICD9CM-V32
39,7291,myalgia and myositis nos,ICD9CM-V32
39,7292,neuralgia/neuritis nos,ICD9CM-V32
39,7293,panniculitis nos*,ICD9CM-V32
39,72930,"panniculitis, unsp site",ICD9CM-V32
39,72931,hypertrophy of fat pad,ICD9CM-V32
39,72939,"panniculitis, site nec",ICD9CM-V32
39,7294,fasciitis nos,ICD9CM-V32
39,7295,pain in limb,ICD9CM-V32
39,7296,old fb in soft tissue,ICD9CM-V32
39,7297,*,ICD9CM-V32
39,72971,nontraum comp syn-up ext,ICD9CM-V32
39,72972,nontraum comp syn-low ex,ICD9CM-V32
39,72973,nontrauma comp syn-abd,ICD9CM-V32
39,72979,nontrauma comp syn nec,ICD9CM-V32
39,7298,oth muscskel sympt limb*,ICD9CM-V32
39,72981,swelling of limb,ICD9CM-V32
39,72982,cramp in limb,ICD9CM-V32
39,72989,muscskel sympt limb nec,ICD9CM-V32
39,7299,soft tissue dis nec/nos#,ICD9CM-V32
39,72990,soft tissue disord nos,ICD9CM-V32
39,72991,post-traumatic seroma,ICD9CM-V32
39,72992,nontrauma hema soft tiss,ICD9CM-V32
39,72999,soft tissue disorder nec,ICD9CM-V32
40,730,osteomyelitis*,ICD9CM-V32
40,7300,acute osteomyelitis*,ICD9CM-V32
40,73000,ac osteomyelitis-unspec,ICD9CM-V32
40,73001,ac osteomyelitis-shlder,ICD9CM-V32
40,73002,ac osteomyelitis-up/arm,ICD9CM-V32
40,73003,ac osteomyelitis-forearm,ICD9CM-V32
40,73004,ac osteomyelitis-hand,ICD9CM-V32
40,73005,ac osteomyelitis-pelvis,ICD9CM-V32
40,73006,ac osteomyelitis-l/leg,ICD9CM-V32
40,73007,ac osteomyelitis-ankle,ICD9CM-V32
40,73008,ac osteomyelitis nec,ICD9CM-V32
40,73009,ac osteomyelitis-mult,ICD9CM-V32
40,7301,chronic osteomyelitis*,ICD9CM-V32
40,73010,chr osteomyelitis-unsp,ICD9CM-V32
40,73011,chr osteomyelit-shlder,ICD9CM-V32
40,73012,chr osteomyelit-up/arm,ICD9CM-V32
40,73013,chr osteomyelit-forearm,ICD9CM-V32
40,73014,chr osteomyelit-hand,ICD9CM-V32
40,73015,chr osteomyelit-pelvis,ICD9CM-V32
40,73016,chr osteomyelit-l/leg,ICD9CM-V32
40,73017,chr osteomyelit-ankle,ICD9CM-V32
40,73018,chr osteomyelit nec,ICD9CM-V32
40,73019,chr osteomyelit-mult,ICD9CM-V32
40,7302,osteomyelitis nos*,ICD9CM-V32
40,73020,osteomyelitis nos-unspec,ICD9CM-V32
40,73021,osteomyelitis nos-shlder,ICD9CM-V32
40,73022,osteomyelitis nos-up/arm,ICD9CM-V32
40,73023,osteomyelit nos-forearm,ICD9CM-V32
40,73024,osteomyelitis nos-hand,ICD9CM-V32
40,73025,osteomyelitis nos-pelvis,ICD9CM-V32
40,73026,osteomyelitis nos-l/leg,ICD9CM-V32
40,73027,osteomyelitis nos-ankle,ICD9CM-V32
40,73028,osteomyelit nos-oth site,ICD9CM-V32
40,73029,osteomyelitis nos-mult,ICD9CM-V32
40,7303,periostitis*,ICD9CM-V32
40,73030,periostitis-unspec,ICD9CM-V32
40,73031,periostitis-shlder,ICD9CM-V32
40,73032,periostitis-up/arm,ICD9CM-V32
40,73033,periostitis-forearm,ICD9CM-V32
40,73034,periostitis-hand,ICD9CM-V32
40,73035,periostitis-pelvis,ICD9CM-V32
40,73036,periostitis-l/leg,ICD9CM-V32
40,73037,periostitis-ankle,ICD9CM-V32
40,73038,periostitis nec,ICD9CM-V32
40,73039,periostitis-mult,ICD9CM-V32
40,7307,polio osteopathy*,ICD9CM-V32
40,73070,polio osteopathy-unspec,ICD9CM-V32
40,73071,polio osteopathy-shlder,ICD9CM-V32
40,73072,polio osteopathy-up/arm,ICD9CM-V32
40,73073,polio osteopathy-forearm,ICD9CM-V32
40,73074,polio osteopathy-hand,ICD9CM-V32
40,73075,polio osteopathy-pelvis,ICD9CM-V32
40,73076,polio osteopathy-l/leg,ICD9CM-V32
40,73077,polio osteopathy-ankle,ICD9CM-V32
40,73078,polio osteopathy nec,ICD9CM-V32
40,73079,polio osteopathy-mult,ICD9CM-V32
40,7308,bone infect in oth dis*,ICD9CM-V32
40,73080,bone infect nec-unspec,ICD9CM-V32
40,73081,bone infect nec-shlder,ICD9CM-V32
40,73082,bone infect nec-up/arm,ICD9CM-V32
40,73083,bone infect nec-forearm,ICD9CM-V32
40,73084,bone infect nec-hand,ICD9CM-V32
40,73085,bone infect nec-pelvis,ICD9CM-V32
40,73086,bone infect nec-l/leg,ICD9CM-V32
40,73087,bone infect nec-ankle,ICD9CM-V32
40,73088,bone infect nec-oth site,ICD9CM-V32
40,73089,bone infect nec-mult,ICD9CM-V32
40,7309,bone infection nos*,ICD9CM-V32
40,73090,bone infec nos-unsp site,ICD9CM-V32
40,73091,bone infect nos-shlder,ICD9CM-V32
40,73092,bone infect nos-up/arm,ICD9CM-V32
40,73093,bone infect nos-forearm,ICD9CM-V32
40,73094,bone infect nos-hand,ICD9CM-V32
40,73095,bone infect nos-pelvis,ICD9CM-V32
40,73096,bone infect nos-l/leg,ICD9CM-V32
40,73097,bone infect nos-ankle,ICD9CM-V32
40,73098,bone infect nos-oth site,ICD9CM-V32
40,73099,bone infect nos-mult,ICD9CM-V32
40,731,osteitis deformans*,ICD9CM-V32
40,7310,osteitis deformans nos,ICD9CM-V32
40,7311,osteitis def in oth dis,ICD9CM-V32
40,7312,hypertroph osteoarthrop,ICD9CM-V32
40,7313,major osseous defects,ICD9CM-V32
40,7318,bone involv in oth dis,ICD9CM-V32
40,732,osteochondropathies*,ICD9CM-V32
40,7320,juv osteochondros spine,ICD9CM-V32
40,7321,juv osteochondros pelvis,ICD9CM-V32
40,7322,femoral epiphysiolysis,ICD9CM-V32
40,7323,juv osteochondrosis arm,ICD9CM-V32
40,7324,juv osteochondrosis leg,ICD9CM-V32
40,7325,juv osteochondrosis foot,ICD9CM-V32
40,7326,juv osteochondrosis nec,ICD9CM-V32
40,7327,osteochondrit dissecans,ICD9CM-V32
40,7328,osteochondropathy nec,ICD9CM-V32
40,7329,osteochondropathy nos,ICD9CM-V32
40,733,oth bone & cartilage dis*,ICD9CM-V32
40,7330,osteoporosis*,ICD9CM-V32
40,73300,osteoporosis nos,ICD9CM-V32
40,73301,senile osteoporosis,ICD9CM-V32
40,73302,idiopathic osteoporosis,ICD9CM-V32
40,73303,disuse osteoporosis,ICD9CM-V32
40,73309,osteoporosis nec,ICD9CM-V32
40,7331,pathological fracture*,ICD9CM-V32
40,73310,path fx unspecified site,ICD9CM-V32
40,73311,path fx humerus,ICD9CM-V32
40,73312,path fx dstl radius ulna,ICD9CM-V32
40,73313,path fx vertebrae,ICD9CM-V32
40,73314,path fx neck of femur,ICD9CM-V32
40,73315,path fx oth spcf prt fmr,ICD9CM-V32
40,73316,path fx tibia fibula,ICD9CM-V32
40,73319,path fx oth specif site,ICD9CM-V32
40,7332,cyst of bone*,ICD9CM-V32
40,73320,cyst of bone nos,ICD9CM-V32
40,73321,solitary bone cyst,ICD9CM-V32
40,73322,aneurysmal bone cyst,ICD9CM-V32
40,73329,bone cyst nec,ICD9CM-V32
40,7333,hyperostosis of skull,ICD9CM-V32
40,7334,aseptic necrosis of bone*,ICD9CM-V32
40,73340,asept necrosis bone nos,ICD9CM-V32
40,73341,aseptic necrosis humerus,ICD9CM-V32
40,73342,aseptic necrosis femur,ICD9CM-V32
40,73343,asept necro femur condyl,ICD9CM-V32
40,73344,aseptic necrosis talus,ICD9CM-V32
40,73345,aseptic necrosis of jaw,ICD9CM-V32
40,73349,asept necrosis bone nec,ICD9CM-V32
40,7335,osteitis condensans,ICD9CM-V32
40,7336,tietze's disease,ICD9CM-V32
40,7337,algoneurodystrophy,ICD9CM-V32
40,7338,malunion or nonunion fx*,ICD9CM-V32
40,73381,malunion of fracture,ICD9CM-V32
40,73382,nonunion of fracture,ICD9CM-V32
40,7339,bone/cartil dis nec/nos*,ICD9CM-V32
40,73390,bone & cartilage dis nos,ICD9CM-V32
40,73391,arrest of bone growth,ICD9CM-V32
40,73392,chondromalacia,ICD9CM-V32
40,73393,stress fx tibia/fibula,ICD9CM-V32
40,73394,stress fx metatarsals,ICD9CM-V32
40,73395,stress fracture bone nec,ICD9CM-V32
40,73396,stress fx femoral neck,ICD9CM-V32
40,73397,stress fx shaft femur,ICD9CM-V32
40,73398,stress fx pelvis,ICD9CM-V32
40,73399,bone & cartilage dis nec,ICD9CM-V32
40,734,flat foot,ICD9CM-V32
40,735,acq deformities of toe*,ICD9CM-V32
40,7350,hallux valgus,ICD9CM-V32
40,7351,hallux varus,ICD9CM-V32
40,7352,hallux rigidus,ICD9CM-V32
40,7353,hallux malleus,ICD9CM-V32
40,7354,other hammer toe,ICD9CM-V32
40,7355,claw toe,ICD9CM-V32
40,7358,acq deformity of toe nec,ICD9CM-V32
40,7359,acq deformity of toe nos,ICD9CM-V32
40,736,oth acq limb deformities*,ICD9CM-V32
40,7360,acq forearm deformity*,ICD9CM-V32
40,73600,forearm deformity nos,ICD9CM-V32
40,73601,cubitus valgus,ICD9CM-V32
40,73602,cubitus varus,ICD9CM-V32
40,73603,valgus deformity wrist,ICD9CM-V32
40,73604,varus deformity wrist,ICD9CM-V32
40,73605,wrist drop,ICD9CM-V32
40,73606,claw hand,ICD9CM-V32
40,73607,"club hand, acquired",ICD9CM-V32
40,73609,forearm deformity nec,ICD9CM-V32
40,7361,mallet finger,ICD9CM-V32
40,7362,oth acq finger deformity*,ICD9CM-V32
40,73620,acq finger deformity nos,ICD9CM-V32
40,73621,boutonniere deformity,ICD9CM-V32
40,73622,swan-neck deformity,ICD9CM-V32
40,73629,acq finger deformity nec,ICD9CM-V32
40,7363,acquired hip deformity*,ICD9CM-V32
40,73630,acq hip deformity nos,ICD9CM-V32
40,73631,coxa valga,ICD9CM-V32
40,73632,coxa vara,ICD9CM-V32
40,73639,acq hip deformity nec,ICD9CM-V32
40,7364,genu valgum or varum*,ICD9CM-V32
40,73641,genu valgum,ICD9CM-V32
40,73642,genu varum,ICD9CM-V32
40,7365,genu recurvatum,ICD9CM-V32
40,7366,acq knee deformity nec,ICD9CM-V32
40,7367,oth acq ankle-foot def*,ICD9CM-V32
40,73670,acq ankle-foot def nos,ICD9CM-V32
40,73671,acq equinovarus,ICD9CM-V32
40,73672,acq equinus deformity,ICD9CM-V32
40,73673,cavus deformity of foot,ICD9CM-V32
40,73674,"claw foot, acquired",ICD9CM-V32
40,73675,acq cavovarus deformity,ICD9CM-V32
40,73676,calcaneus deformity nec,ICD9CM-V32
40,73679,acq ankle-foot def nec,ICD9CM-V32
40,7368,acq limb deformities nec*,ICD9CM-V32
40,73681,unequal leg length,ICD9CM-V32
40,73689,oth acq limb deformity,ICD9CM-V32
40,7369,acq limb deformity nos,ICD9CM-V32
40,737,curvature of spine*,ICD9CM-V32
40,7370,adoles postural kyphosis,ICD9CM-V32
40,7371,kyphosis*,ICD9CM-V32
40,73710,kyphosis nos,ICD9CM-V32
40,73711,radiation kyphosis,ICD9CM-V32
40,73712,postlaminectomy kyphosis,ICD9CM-V32
40,73719,kyphosis nec,ICD9CM-V32
40,7372,lordosis*,ICD9CM-V32
40,73720,lordosis nos,ICD9CM-V32
40,73721,postlaminectomy lordosis,ICD9CM-V32
40,73722,oth postsurgery lordosis,ICD9CM-V32
40,73729,lordosis nec,ICD9CM-V32
40,7373,scoliosis*,ICD9CM-V32
40,73730,idiopathic scoliosis,ICD9CM-V32
40,73731,resolv idiopath scolios,ICD9CM-V32
40,73732,progr idiopath scoliosis,ICD9CM-V32
40,73733,radiation scoliosis,ICD9CM-V32
40,73734,thoracogenic scoliosis,ICD9CM-V32
40,73739,scoliosis nec,ICD9CM-V32
40,7374,spinal curvat in oth dis*,ICD9CM-V32
40,73740,spin curv nos in oth dis,ICD9CM-V32
40,73741,kyphosis in oth dis,ICD9CM-V32
40,73742,lordosis in oth dis,ICD9CM-V32
40,73743,scoliosis in oth dis,ICD9CM-V32
40,7378,curvature of spine nec,ICD9CM-V32
40,7379,curvature of spine nos,ICD9CM-V32
40,738,other acquired deformity*,ICD9CM-V32
40,7380,acq nose deformity,ICD9CM-V32
40,7381,acq head deformity nec*,ICD9CM-V32
40,73810,unspf acq deformity head,ICD9CM-V32
40,73811,zygomatic hyperplasia,ICD9CM-V32
40,73812,zygomatic hypoplasia,ICD9CM-V32
40,73819,oth spcf deformity head,ICD9CM-V32
40,7382,acq neck deformity,ICD9CM-V32
40,7383,acq chest deformity,ICD9CM-V32
40,7384,acq spondylolisthesis,ICD9CM-V32
40,7385,other acq back deformity,ICD9CM-V32
40,7386,acq pelvic deformity,ICD9CM-V32
40,7387,cauliflower ear,ICD9CM-V32
40,7388,acq deformity nec,ICD9CM-V32
40,7389,acq deformity nos,ICD9CM-V32
40,739,somatic dysfunction*,ICD9CM-V32
40,7390,somat dys head region,ICD9CM-V32
40,7391,somat dysfunc cervic reg,ICD9CM-V32
40,7392,somat dysfunc thorac reg,ICD9CM-V32
40,7393,somat dysfunc lumbar reg,ICD9CM-V32
40,7394,somat dysfunc sacral reg,ICD9CM-V32
40,7395,somat dysfunc pelvic reg,ICD9CM-V32
40,7396,somat dysfunc lower extr,ICD9CM-V32
40,7397,somat dysfunc upper extr,ICD9CM-V32
40,7398,somat dysfunc rib cage,ICD9CM-V32
40,7399,somatic dysfunction nec,ICD9CM-V32
41,753,urinary system anomalies*,ICD9CM-V32
41,7530,renal agenesis,ICD9CM-V32
41,7531,cystic kidney disease*,ICD9CM-V32
41,75310,cystic kidney diseas nos,ICD9CM-V32
41,75311,congenital renal cyst,ICD9CM-V32
41,75312,polycystic kidney nos,ICD9CM-V32
41,75313,polycyst kid-autosom dom,ICD9CM-V32
41,75314,polycyst kid-autosom rec,ICD9CM-V32
41,75315,renal dysplasia,ICD9CM-V32
41,75316,medullary cystic kidney,ICD9CM-V32
41,75317,medullary sponge kidney,ICD9CM-V32
41,75319,cystic kidney diseas nec,ICD9CM-V32
41,7532,congen ureteral obstruct*,ICD9CM-V32
41,75320,obs dfct ren plv&urt nos,ICD9CM-V32
41,75321,congen obst urtroplv jnc,ICD9CM-V32
41,75322,cong obst ureteroves jnc,ICD9CM-V32
41,75323,congenital ureterocele,ICD9CM-V32
41,75329,obst def ren plv&urt nec,ICD9CM-V32
41,7533,kidney anomaly nec,ICD9CM-V32
41,7534,ureteral anomaly nec,ICD9CM-V32
41,7535,bladder exstrophy,ICD9CM-V32
41,7536,congen urethral stenosis,ICD9CM-V32
41,7537,anomalies of urachus,ICD9CM-V32
41,7538,cystourethral anom nec,ICD9CM-V32
41,7539,urinary anomaly nos,ICD9CM-V32
42,754,cong musculoskel deform*,ICD9CM-V32
42,7540,cong skull/face/jaw def,ICD9CM-V32
42,7541,congenital torticollis,ICD9CM-V32
42,7542,cong postural deformity,ICD9CM-V32
42,7543,congen hip dislocation*,ICD9CM-V32
42,75430,"cong hip disloc, unilat",ICD9CM-V32
42,75431,"congen hip disloc, bilat",ICD9CM-V32
42,75432,"cong hip sublux, unilat",ICD9CM-V32
42,75433,"cong hip sublux, bilat",ICD9CM-V32
42,75435,cong hip disloc w sublux,ICD9CM-V32
42,7544,cong genu recurvat/bowng*,ICD9CM-V32
42,75440,cong genu recurvatum,ICD9CM-V32
42,75441,cong knee dislocation,ICD9CM-V32
42,75442,congen bowing of femur,ICD9CM-V32
42,75443,cong bowing tibia/fibula,ICD9CM-V32
42,75444,cong bowing leg nos,ICD9CM-V32
42,7545,cong varus def of feet*,ICD9CM-V32
42,75450,talipes varus,ICD9CM-V32
42,75451,talipes equinovarus,ICD9CM-V32
42,75452,metatarsus primus varus,ICD9CM-V32
42,75453,metatarsus varus,ICD9CM-V32
42,75459,cong varus foot def nec,ICD9CM-V32
42,7546,cong valgus def of feet*,ICD9CM-V32
42,75460,talipes valgus,ICD9CM-V32
42,75461,congenital pes planus,ICD9CM-V32
42,75462,talipes calcaneovalgus,ICD9CM-V32
42,75469,cong valgus foot def nec,ICD9CM-V32
42,7547,oth cong foot deform*,ICD9CM-V32
42,75470,talipes nos,ICD9CM-V32
42,75471,talipes cavus,ICD9CM-V32
42,75479,cong foot deform nec,ICD9CM-V32
42,7548,oth nonteratogenic anom*,ICD9CM-V32
42,75481,pectus excavatum,ICD9CM-V32
42,75482,pectus carinatum,ICD9CM-V32
42,75489,nonteratogenic anom nec,ICD9CM-V32
42,755,oth congen limb anomaly*,ICD9CM-V32
42,7550,polydactyly*,ICD9CM-V32
42,75500,polydactyly nos,ICD9CM-V32
42,75501,"polydactyly, fingers",ICD9CM-V32
42,75502,"polydactyly, toes",ICD9CM-V32
42,7551,syndactyly*,ICD9CM-V32
42,75510,"syndactyly, multiple/nos",ICD9CM-V32
42,75511,syndactyl fing-no fusion,ICD9CM-V32
42,75512,syndactyl fing w fusion,ICD9CM-V32
42,75513,syndactyl toe-no fusion,ICD9CM-V32
42,75514,syndactyl toe w fusion,ICD9CM-V32
42,7552,reduct deform upper limb*,ICD9CM-V32
42,75520,reduc deform up limb nos,ICD9CM-V32
42,75521,transverse defic arm,ICD9CM-V32
42,75522,longitud defic arm nec,ICD9CM-V32
42,75523,combin longit defic arm,ICD9CM-V32
42,75524,longitudin defic humerus,ICD9CM-V32
42,75525,longitud defic radioulna,ICD9CM-V32
42,75526,longitud defic radius,ICD9CM-V32
42,75527,longitudinal defic ulna,ICD9CM-V32
42,75528,longitudinal defic hand,ICD9CM-V32
42,75529,longitud defic phalanges,ICD9CM-V32
42,7553,reduct deform lower limb*,ICD9CM-V32
42,75530,reduction deform leg nos,ICD9CM-V32
42,75531,transverse defic leg,ICD9CM-V32
42,75532,longitudin defic leg nec,ICD9CM-V32
42,75533,comb longitudin def leg,ICD9CM-V32
42,75534,longitudinal defic femur,ICD9CM-V32
42,75535,tibiofibula longit defic,ICD9CM-V32
42,75536,longitudinal defic tibia,ICD9CM-V32
42,75537,longitudin defic fibula,ICD9CM-V32
42,75538,longitudinal defic foot,ICD9CM-V32
42,75539,longitud defic phalanges,ICD9CM-V32
42,7554,reduct deform limb nos,ICD9CM-V32
42,7555,oth upper limb anomalies*,ICD9CM-V32
42,75550,upper limb anomaly nos,ICD9CM-V32
42,75551,cong deformity-clavicle,ICD9CM-V32
42,75552,cong elevation-scapula,ICD9CM-V32
42,75553,radioulnar synostosis,ICD9CM-V32
42,75554,madelung's deformity,ICD9CM-V32
42,75555,acrocephalosyndactyly,ICD9CM-V32
42,75556,accessory carpal bones,ICD9CM-V32
42,75557,macrodactylia (fingers),ICD9CM-V32
42,75558,congenital cleft hand,ICD9CM-V32
42,75559,upper limb anomaly nec,ICD9CM-V32
42,7556,oth lower limb anomalies*,ICD9CM-V32
42,75560,lower limb anomaly nos,ICD9CM-V32
42,75561,congenital coxa valga,ICD9CM-V32
42,75562,congenital coxa vara,ICD9CM-V32
42,75563,cong hip deformity nec,ICD9CM-V32
42,75564,cong knee deformity,ICD9CM-V32
42,75565,macrodactylia of toes,ICD9CM-V32
42,75566,anomalies of toes nec,ICD9CM-V32
42,75567,anomalies of foot nec,ICD9CM-V32
42,75569,lower limb anomaly nec,ICD9CM-V32
42,7558,congen limb anomaly nec,ICD9CM-V32
42,7559,congen limb anomaly nos,ICD9CM-V32
42,756,oth musculoskelet anomal*,ICD9CM-V32
42,7560,anomal skull/face bones,ICD9CM-V32
42,7561,anomalies of spine*,ICD9CM-V32
42,75610,anomaly of spine nos,ICD9CM-V32
42,75611,lumbosacr spondylolysis,ICD9CM-V32
42,75612,spondylolisthesis,ICD9CM-V32
42,75613,cong absence of vertebra,ICD9CM-V32
42,75614,hemivertebra,ICD9CM-V32
42,75615,congen fusion of spine,ICD9CM-V32
42,75616,klippel-feil syndrome,ICD9CM-V32
42,75617,spina bifida occulta,ICD9CM-V32
42,75619,anomaly of spine nec,ICD9CM-V32
42,7562,cervical rib,ICD9CM-V32
42,7563,rib & sternum anomal nec,ICD9CM-V32
42,7564,chondrodystrophy,ICD9CM-V32
42,7565,osteodystrophies*,ICD9CM-V32
42,75650,osteodystrophy nos,ICD9CM-V32
42,75651,osteogenesis imperfecta,ICD9CM-V32
42,75652,osteopetrosis,ICD9CM-V32
42,75653,osteopoikilosis,ICD9CM-V32
42,75654,polyostotic fibros dyspl,ICD9CM-V32
42,75655,chondroectoderm dysplas,ICD9CM-V32
42,75656,mult epiphyseal dysplas,ICD9CM-V32
42,75659,osteodystrophy nec,ICD9CM-V32
42,7566,anomalies of diaphragm,ICD9CM-V32
42,7567,abdominal wall anomalies*,ICD9CM-V32
42,75670,congn anoml abd wall nos,ICD9CM-V32
42,75671,prune belly syndrome,ICD9CM-V32
42,75672,omphalocele,ICD9CM-V32
42,75673,gastroschisis,ICD9CM-V32
42,75679,congn anoml abd wall nec,ICD9CM-V32
42,7568,soft tissue anomaly nec*,ICD9CM-V32
42,75681,absence of muscle/tendon,ICD9CM-V32
42,75682,accessory muscle,ICD9CM-V32
42,75683,ehlers-danlos syndrome,ICD9CM-V32
42,75689,soft tissue anomaly nec,ICD9CM-V32
42,7569,musculoskel anom nec/nos,ICD9CM-V32
43,780,general symptoms*,ICD9CM-V32
43,7800,coma and stupor*,ICD9CM-V32
43,78001,coma,ICD9CM-V32
43,78002,trans alter awareness,ICD9CM-V32
43,78003,persistent vegtv state,ICD9CM-V32
43,78009,other alter consciousnes,ICD9CM-V32
43,7801,hallucinations,ICD9CM-V32
43,7802,syncope and collapse,ICD9CM-V32
43,7803,convulsions*,ICD9CM-V32
43,78031,febrile convulsions nos,ICD9CM-V32
43,78032,complx febrile convulsns,ICD9CM-V32
43,78033,post traumatic seizures,ICD9CM-V32
43,78039,convulsions nec,ICD9CM-V32
43,7804,dizziness and giddiness,ICD9CM-V32
43,7805,sleep disturbances*,ICD9CM-V32
43,78050,sleep disturbance nos,ICD9CM-V32
43,78051,insomn w sleep apnea nos,ICD9CM-V32
43,78052,insomnia nos,ICD9CM-V32
43,78053,hypersom w slp apnea nos,ICD9CM-V32
43,78054,hypersomnia nos,ICD9CM-V32
43,78055,irreg sleep-wake rhy nos,ICD9CM-V32
43,78056,sleep stage dysfunctions,ICD9CM-V32
43,78057,sleep apnea nos,ICD9CM-V32
43,78058,sleep rel move disor nos,ICD9CM-V32
43,78059,sleep disturbances nec,ICD9CM-V32
43,7806,fever#,ICD9CM-V32
43,78060,fever nos,ICD9CM-V32
43,78061,fever in other diseases,ICD9CM-V32
43,78062,postprocedural fever,ICD9CM-V32
43,78063,postvaccination fever,ICD9CM-V32
43,78064,chills (without fever),ICD9CM-V32
43,78065,hypothrm-wo low env tmp,ICD9CM-V32
43,78066,feb nonhemo transf react,ICD9CM-V32
43,7807,malaise and fatigue*,ICD9CM-V32
43,78071,chronic fatigue syndrome,ICD9CM-V32
43,78072,functional quadriplegia,ICD9CM-V32
43,78079,malaise and fatigue nec,ICD9CM-V32
43,7808,generalizd hyperhidrosis,ICD9CM-V32
43,7809,general symptoms nec#,ICD9CM-V32
43,78091,fussy infant/baby,ICD9CM-V32
43,78092,excess cry infant/baby,ICD9CM-V32
43,78093,memory loss,ICD9CM-V32
43,78094,early satiety,ICD9CM-V32
43,78095,"excs cry chld,adol,adult",ICD9CM-V32
43,78096,generalized pain,ICD9CM-V32
43,78097,altered mental status,ICD9CM-V32
43,78099,other general symptoms,ICD9CM-V32
43,781,nerv/musculskel sys symp*,ICD9CM-V32
43,7810,abn involun movement nec,ICD9CM-V32
43,7811,smell & taste disturb,ICD9CM-V32
43,7812,abnormality of gait,ICD9CM-V32
43,7813,lack of coordination,ICD9CM-V32
43,7814,transient limb paralysis,ICD9CM-V32
43,7815,clubbing of fingers,ICD9CM-V32
43,7816,meningismus,ICD9CM-V32
43,7817,tetany,ICD9CM-V32
43,7818,neurologic neglect syndr,ICD9CM-V32
43,7819,nerv/musculskel sym nec*,ICD9CM-V32
43,78191,loss of height,ICD9CM-V32
43,78192,abnormal posture,ICD9CM-V32
43,78193,ocular torticollis,ICD9CM-V32
43,78194,facial weakness,ICD9CM-V32
43,78199,nerve/musculskel sym nec,ICD9CM-V32
43,782,skin/oth integument symp*,ICD9CM-V32
43,7820,skin sensation disturb,ICD9CM-V32
43,7821,nonspecif skin erupt nec,ICD9CM-V32
43,7822,local suprficial swellng,ICD9CM-V32
43,7823,edema,ICD9CM-V32
43,7824,jaundice nos,ICD9CM-V32
43,7825,cyanosis,ICD9CM-V32
43,7826,pallor & flushing*,ICD9CM-V32
43,78261,pallor,ICD9CM-V32
43,78262,flushing,ICD9CM-V32
43,7827,spontaneous ecchymoses,ICD9CM-V32
43,7828,changes in skin texture,ICD9CM-V32
43,7829,integument tiss symp nec,ICD9CM-V32
43,783,nutrit/metab/devel symp*,ICD9CM-V32
43,7830,anorexia,ICD9CM-V32
43,7831,abnormal weight gain,ICD9CM-V32
43,7832,abnormal loss of weight*,ICD9CM-V32
43,78321,abnormal loss of weight,ICD9CM-V32
43,78322,underweight,ICD9CM-V32
43,7833,feeding problem,ICD9CM-V32
43,7834,lack norm physiol devel*,ICD9CM-V32
43,78340,lack norm physio dev nos,ICD9CM-V32
43,78341,failure to thrive-child,ICD9CM-V32
43,78342,delayed milestones,ICD9CM-V32
43,78343,short stature,ICD9CM-V32
43,7835,polydipsia,ICD9CM-V32
43,7836,polyphagia,ICD9CM-V32
43,7837,failure to thrive-adult,ICD9CM-V32
43,7839,nutr/metab/devel sym nec,ICD9CM-V32
43,784,symptoms invol head/neck*,ICD9CM-V32
43,7840,headache,ICD9CM-V32
43,7841,throat pain,ICD9CM-V32
43,7842,swelling in head & neck,ICD9CM-V32
43,7843,aphasia,ICD9CM-V32
43,7844,voice disturbance*,ICD9CM-V32
43,78440,voice/resonance dis nos,ICD9CM-V32
43,78441,aphonia,ICD9CM-V32
43,78442,dysphonia,ICD9CM-V32
43,78443,hypernasality,ICD9CM-V32
43,78444,hyponasality,ICD9CM-V32
43,78449,voice/resonance dis nec,ICD9CM-V32
43,7845,speech disturbance nec#,ICD9CM-V32
43,78451,dysarthria,ICD9CM-V32
43,78452,flncy dsord cond elsewhr,ICD9CM-V32
43,78459,speech disturbance nec,ICD9CM-V32
43,7846,oth symbolic dysfunction*,ICD9CM-V32
43,78460,symbolic dysfunction nos,ICD9CM-V32
43,78461,alexia and dyslexia,ICD9CM-V32
43,78469,symbolic dysfunction nec,ICD9CM-V32
43,7847,epistaxis,ICD9CM-V32
43,7848,hemorrhage from throat,ICD9CM-V32
43,7849,symp invol head/neck nec#,ICD9CM-V32
43,78491,postnasal drip,ICD9CM-V32
43,78492,jaw pain,ICD9CM-V32
43,78499,head & neck symptoms nec,ICD9CM-V32
43,785,cardiovascular sys symp*,ICD9CM-V32
43,7850,tachycardia nos,ICD9CM-V32
43,7851,palpitations,ICD9CM-V32
43,7852,cardiac murmurs nec,ICD9CM-V32
43,7853,abnorm heart sounds nec,ICD9CM-V32
43,7854,gangrene,ICD9CM-V32
43,7855,shock without trauma*,ICD9CM-V32
43,78550,shock nos,ICD9CM-V32
43,78551,cardiogenic shock,ICD9CM-V32
43,78552,septic shock,ICD9CM-V32
43,78559,shock w/o trauma nec,ICD9CM-V32
43,7856,enlargement lymph nodes,ICD9CM-V32
43,7859,cardiovas sys symp nec,ICD9CM-V32
43,786,resp sys/oth chest symp*,ICD9CM-V32
43,7860,dyspnea/respiratory abn*,ICD9CM-V32
43,78600,respiratory abnorm nos,ICD9CM-V32
43,78601,hyperventilation,ICD9CM-V32
43,78602,orthopnea,ICD9CM-V32
43,78603,apnea,ICD9CM-V32
43,78604,cheyne-stokes respiratn,ICD9CM-V32
43,78605,shortness of breath,ICD9CM-V32
43,78606,tachypnea,ICD9CM-V32
43,78607,wheezing,ICD9CM-V32
43,78609,respiratory abnorm nec,ICD9CM-V32
43,7861,stridor,ICD9CM-V32
43,7862,cough,ICD9CM-V32
43,7863,hemoptysis#,ICD9CM-V32
43,78630,hemoptysis nos,ICD9CM-V32
43,78631,ac idio pul hemrg infant,ICD9CM-V32
43,78639,hemoptysis nec,ICD9CM-V32
43,7864,abnormal sputum,ICD9CM-V32
43,7865,chest pain*,ICD9CM-V32
43,78650,chest pain nos,ICD9CM-V32
43,78651,precordial pain,ICD9CM-V32
43,78652,painful respiration,ICD9CM-V32
43,78659,chest pain nec,ICD9CM-V32
43,7866,chest swelling/mass/lump,ICD9CM-V32
43,7867,abnormal chest sounds,ICD9CM-V32
43,7868,hiccough,ICD9CM-V32
43,7869,resp sys/chest symp nec,ICD9CM-V32
43,787,gi system symptoms*,ICD9CM-V32
43,7870,nausea and vomiting*,ICD9CM-V32
43,78701,nausea with vomiting,ICD9CM-V32
43,78702,nausea alone,ICD9CM-V32
43,78703,vomiting alone,ICD9CM-V32
43,78704,bilious emesis,ICD9CM-V32
43,7871,heartburn,ICD9CM-V32
43,7872,dysphagia#,ICD9CM-V32
43,78720,dysphagia nos,ICD9CM-V32
43,78721,"dysphagia, oral phase",ICD9CM-V32
43,78722,"dysphagia, oropharyngeal",ICD9CM-V32
43,78723,"dysphagia, pharyngeal",ICD9CM-V32
43,78724,"dysphagia,pharyngoesoph",ICD9CM-V32
43,78729,dysphagia nec,ICD9CM-V32
43,7873,flatul/eructat/gas pain,ICD9CM-V32
43,7874,visible peristalsis,ICD9CM-V32
43,7875,abnormal bowel sounds,ICD9CM-V32
43,7876,incontinence of feces#,ICD9CM-V32
43,78760,full incontinence-feces,ICD9CM-V32
43,78761,incomplete defecation,ICD9CM-V32
43,78762,fecal smearing,ICD9CM-V32
43,78763,fecal urgency,ICD9CM-V32
43,7877,abnormal feces,ICD9CM-V32
43,7879,gi system symptoms nec*,ICD9CM-V32
43,78791,diarrhea,ICD9CM-V32
43,78799,digestve syst symptm nec,ICD9CM-V32
43,788,urinary system symptoms*,ICD9CM-V32
43,7880,renal colic,ICD9CM-V32
43,7881,dysuria,ICD9CM-V32
43,7882,retention of urine*,ICD9CM-V32
43,78820,retention urine nos,ICD9CM-V32
43,78821,incmplet bldder emptying,ICD9CM-V32
43,78829,oth spcf retention urine,ICD9CM-V32
43,7883,incontinence of urine*,ICD9CM-V32
43,78830,urinary incontinence nos,ICD9CM-V32
43,78831,urge incontinence,ICD9CM-V32
43,78832,stress incontinence male,ICD9CM-V32
43,78833,mixed incontinence,ICD9CM-V32
43,78834,incontnce wo sensr aware,ICD9CM-V32
43,78835,post-void dribbling,ICD9CM-V32
43,78836,nocturnal enuresis,ICD9CM-V32
43,78837,continuous leakage,ICD9CM-V32
43,78838,overflow incontinence,ICD9CM-V32
43,78839,oth urinry incontinence,ICD9CM-V32
43,7884,freq urination/polyuria*,ICD9CM-V32
43,78841,urinary frequency,ICD9CM-V32
43,78842,polyuria,ICD9CM-V32
43,78843,nocturia,ICD9CM-V32
43,7885,oliguria & anuria,ICD9CM-V32
43,7886,urination abnorm nec*,ICD9CM-V32
43,78861,splitting urinary stream,ICD9CM-V32
43,78862,slowing urinary stream,ICD9CM-V32
43,78863,urgency of urination,ICD9CM-V32
43,78864,urinary hesitancy,ICD9CM-V32
43,78865,straining on urination,ICD9CM-V32
43,78869,oth abnormalt urination,ICD9CM-V32
43,7887,urethral discharge,ICD9CM-V32
43,7888,extravasation of urine,ICD9CM-V32
43,7889,urinary sys symptom nec#,ICD9CM-V32
43,78891,fnctnl urinary incontnce,ICD9CM-V32
43,78899,oth symptm urinary systm,ICD9CM-V32
43,789,oth abdomen/pelvis symp*,ICD9CM-V32
43,7890,abdominal pain*,ICD9CM-V32
43,78900,abdmnal pain unspcf site,ICD9CM-V32
43,78901,abdmnal pain rt upr quad,ICD9CM-V32
43,78902,abdmnal pain lft up quad,ICD9CM-V32
43,78903,abdmnal pain rt lwr quad,ICD9CM-V32
43,78904,abdmnal pain lt lwr quad,ICD9CM-V32
43,78905,abdmnal pain periumbilic,ICD9CM-V32
43,78906,abdmnal pain epigastric,ICD9CM-V32
43,78907,abdmnal pain generalized,ICD9CM-V32
43,78909,abdmnal pain oth spcf st,ICD9CM-V32
43,7891,hepatomegaly,ICD9CM-V32
43,7892,splenomegaly,ICD9CM-V32
43,7893,abdom/pelvic swellng nec*,ICD9CM-V32
43,78930,abdmnal mass unspcf site,ICD9CM-V32
43,78931,abdmnal mass rt upr quad,ICD9CM-V32
43,78932,abdmnal mass lft up quad,ICD9CM-V32
43,78933,abdmnal mass rt lwr quad,ICD9CM-V32
43,78934,abdmnal mass lt lwr quad,ICD9CM-V32
43,78935,abdmnal mass periumbilic,ICD9CM-V32
43,78936,abdmnal mass epigastric,ICD9CM-V32
43,78937,abdmnal mass generalized,ICD9CM-V32
43,78939,abdmnal mass oth spcf st,ICD9CM-V32
43,7894,abdominal rigidity*,ICD9CM-V32
43,78940,abdmnal rgdt unspcf site,ICD9CM-V32
43,78941,abdmnal rgdt rt upr quad,ICD9CM-V32
43,78942,abdmnal rgdt lft up quad,ICD9CM-V32
43,78943,abdmnal rgdt rt lwr quad,ICD9CM-V32
43,78944,abdmnal rgdt lt lwr quad,ICD9CM-V32
43,78945,abdmnal rgdt periumbilic,ICD9CM-V32
43,78946,abdmnal rgdt epigastric,ICD9CM-V32
43,78947,abdmnal rgdt generalized,ICD9CM-V32
43,78949,abdmnal rgdt oth spcf st,ICD9CM-V32
43,7895,ascites#,ICD9CM-V32
43,78951,malignant ascites,ICD9CM-V32
43,78959,ascites nec,ICD9CM-V32
43,7896,*,ICD9CM-V32
43,78960,abdmnal tndr unspcf site,ICD9CM-V32
43,78961,abdmnal tndr rt upr quad,ICD9CM-V32
43,78962,abdmnal tndr lft up quad,ICD9CM-V32
43,78963,abdmnal tndr rt lwr quad,ICD9CM-V32
43,78964,abdmnal tndr lt lwr quad,ICD9CM-V32
43,78965,abdmnal tndr periumbilic,ICD9CM-V32
43,78966,abdmnal tndr epigastric,ICD9CM-V32
43,78967,abdmnal tndr generalized,ICD9CM-V32
43,78969,abdmnal tndr oth spcf st,ICD9CM-V32
43,7897,colic,ICD9CM-V32
43,7899,abdomen/pelvis symp nec,ICD9CM-V32
44,790,abnormal blood findings*,ICD9CM-V32
44,7900,abnorm red blood cell*,ICD9CM-V32
44,79001,"drop, hematocrit, precip",ICD9CM-V32
44,79009,abnormal rbc nec,ICD9CM-V32
44,7901,elevated sediment rate,ICD9CM-V32
44,7902,abn glucose toleran test#,ICD9CM-V32
44,79021,impaired fasting glucose,ICD9CM-V32
44,79022,impaired oral glucse tol,ICD9CM-V32
44,79029,abnormal glucose nec,ICD9CM-V32
44,7903,excess blood-alcohol lev,ICD9CM-V32
44,7904,elev transaminase/ldh,ICD9CM-V32
44,7905,abn serum enzy level nec,ICD9CM-V32
44,7906,abn blood chemistry nec,ICD9CM-V32
44,7907,bacteremia,ICD9CM-V32
44,7908,viremia nos,ICD9CM-V32
44,7909,abn blood findings nec*,ICD9CM-V32
44,79091,abnrml art blood gases,ICD9CM-V32
44,79092,abnrml coagultion prfile,ICD9CM-V32
44,79093,elvtd prstate spcf antgn,ICD9CM-V32
44,79094,euthyroid sick syndrome,ICD9CM-V32
44,79095,elev c-reactive protein,ICD9CM-V32
44,79099,oth nspcf finding blood,ICD9CM-V32
44,791,abnormal urine findings*,ICD9CM-V32
44,7910,proteinuria,ICD9CM-V32
44,7911,chyluria,ICD9CM-V32
44,7912,hemoglobinuria,ICD9CM-V32
44,7913,myoglobinuria,ICD9CM-V32
44,7914,biliuria,ICD9CM-V32
44,7915,glycosuria,ICD9CM-V32
44,7916,acetonuria,ICD9CM-V32
44,7917,oth cells/casts in urine,ICD9CM-V32
44,7919,abn urine findings nec,ICD9CM-V32
44,792,abn find-oth body subst*,ICD9CM-V32
44,7920,abn fnd-cerebrospinal fl,ICD9CM-V32
44,7921,abn find-stool contents,ICD9CM-V32
44,7922,abn findings-semen,ICD9CM-V32
44,7923,abn find-amniotic fluid,ICD9CM-V32
44,7924,abn findings-saliva,ICD9CM-V32
44,7925,cloudy dialysis effluent,ICD9CM-V32
44,7929,abn find-body subst nec,ICD9CM-V32
44,793,abn find-body struct nos*,ICD9CM-V32
44,7930,nonsp abn fd-skull/head,ICD9CM-V32
44,7931,nonsp abn fd-lung field#,ICD9CM-V32
44,79311,solitary pulmonry nodule,ICD9CM-V32
44,79319,ot nonsp ab fnd lung fld,ICD9CM-V32
44,7932,nonsp abn intrathor nec,ICD9CM-V32
44,7933,nonsp abn fd-bilry tract,ICD9CM-V32
44,7934,nonsp abn find-gi tract,ICD9CM-V32
44,7935,nonsp abn find-gu organs,ICD9CM-V32
44,7936,nonsp abn fnd-abdom area,ICD9CM-V32
44,7937,nonsp abn find-ms system,ICD9CM-V32
44,7938,abnormal findings-breast*,ICD9CM-V32
44,79380,ab mammogram nos,ICD9CM-V32
44,79381,mammographic microcalcif,ICD9CM-V32
44,79382,inconclusive mammogram,ICD9CM-V32
44,79389,abn finding-breast nec,ICD9CM-V32
44,7939,abn find-body struct nec#,ICD9CM-V32
44,79391,image test incon d/t fat,ICD9CM-V32
44,79399,nonsp abn find-body nec,ICD9CM-V32
44,794,abnormal function study*,ICD9CM-V32
44,7940,abn brain/cns func study*,ICD9CM-V32
44,79400,abn cns funct study nos,ICD9CM-V32
44,79401,abnorm echoencephalogram,ICD9CM-V32
44,79402,abn electroencephalogram,ICD9CM-V32
44,79409,abn cns funct study nec,ICD9CM-V32
44,7941,abn peripher nerve study*,ICD9CM-V32
44,79410,abn stimul response nos,ICD9CM-V32
44,79411,abn retinal funct study,ICD9CM-V32
44,79412,abnorm electro-oculogram,ICD9CM-V32
44,79413,abnormal vep,ICD9CM-V32
44,79414,abn oculomotor studies,ICD9CM-V32
44,79415,abn auditory funct study,ICD9CM-V32
44,79416,abn vestibular func stud,ICD9CM-V32
44,79417,abnorm electromyogram,ICD9CM-V32
44,79419,abn periph nerv stud nec,ICD9CM-V32
44,7942,abn pulmonary func study,ICD9CM-V32
44,7943,abn cardiovas func study*,ICD9CM-V32
44,79430,abn cardiovasc study nos,ICD9CM-V32
44,79431,abnorm electrocardiogram,ICD9CM-V32
44,79439,abn cardiovasc study nec,ICD9CM-V32
44,7944,abn kidney funct study,ICD9CM-V32
44,7945,abn thyroid funct study,ICD9CM-V32
44,7946,abn endocrine study nec,ICD9CM-V32
44,7947,abn basal metabol study,ICD9CM-V32
44,7948,abn liver function study,ICD9CM-V32
44,7949,abn function study nec,ICD9CM-V32
44,795,abn histolog/immuno find*,ICD9CM-V32
44,7950,abn pap smear-cervix#,ICD9CM-V32
44,79500,abn glandular pap smear,ICD9CM-V32
44,79501,pap smear (asc-us),ICD9CM-V32
44,79502,pap smear (asc-h),ICD9CM-V32
44,79503,pap smear cervix w lgsil,ICD9CM-V32
44,79504,pap smear cervix w hgsil,ICD9CM-V32
44,79505,cervical (hpv) dna pos,ICD9CM-V32
44,79506,pap smr cytol evid malig,ICD9CM-V32
44,79507,sat cerv smr-no trnsfrm,ICD9CM-V32
44,79508,unsat cerv cytlogy smear,ICD9CM-V32
44,79509,abn pap cervix hpv nec,ICD9CM-V32
44,7951,abn pap smear-oth site#,ICD9CM-V32
44,79510,abn gland pap smr vagina,ICD9CM-V32
44,79511,pap smear vag w asc-us,ICD9CM-V32
44,79512,pap smear vagina w asc-h,ICD9CM-V32
44,79513,pap smear vagina w lgsil,ICD9CM-V32
44,79514,pap smear vagina w hgsil,ICD9CM-V32
44,79515,vag hi risk hpv-dna pos,ICD9CM-V32
44,79516,pap smr vag-cytol malig,ICD9CM-V32
44,79518,vaginl cytol smr unsatis,ICD9CM-V32
44,79519,oth abn pap smr vag/hpv,ICD9CM-V32
44,7952,abn chromosomal analysis,ICD9CM-V32
44,7953,positive culture finding#,ICD9CM-V32
44,79531,nonsp postv find-anthrax,ICD9CM-V32
44,79539,nonsp positive cult nec,ICD9CM-V32
44,7954,abn histologic find nec,ICD9CM-V32
44,7955,tuberculin test reaction#,ICD9CM-V32
44,79551,nonsp rea skn test wo tb,ICD9CM-V32
44,79552,nonsp rea gma interferon,ICD9CM-V32
44,7956,false pos sero test-syph,ICD9CM-V32
44,7957,immunological find nec*,ICD9CM-V32
44,79571,nonspcf serlgc evdnc hiv,ICD9CM-V32
44,79579,oth unspcf nspf imun fnd,ICD9CM-V32
44,7958,*,ICD9CM-V32
44,79581,elev ca-embryoic antigen,ICD9CM-V32
44,79582,elev ca antigen 125,ICD9CM-V32
44,79589,abnorml tumor marker nec,ICD9CM-V32
44,796,other abnormal findings*,ICD9CM-V32
44,7960,abn toxicologic finding,ICD9CM-V32
44,7961,abnormal reflex,ICD9CM-V32
44,7962,elev bl pres w/o hypertn,ICD9CM-V32
44,7963,low blood press reading,ICD9CM-V32
44,7964,abn clinical finding nec,ICD9CM-V32
44,7965,abn find antenatl screen,ICD9CM-V32
44,7966,abnorm neonate screening,ICD9CM-V32
44,7967,*,ICD9CM-V32
44,79670,abn gland pap smear anus,ICD9CM-V32
44,79671,pap smear anus w asc-us,ICD9CM-V32
44,79672,pap smear anus w asc-h,ICD9CM-V32
44,79673,pap smear anus w lgsil,ICD9CM-V32
44,79674,pap smear anus w hgsil,ICD9CM-V32
44,79675,anal hi risk hpv-dna pos,ICD9CM-V32
44,79676,pap smr anus-cytol malig,ICD9CM-V32
44,79677,sat anal smr-no trnsfrm,ICD9CM-V32
44,79678,anal cytolgy smr unsatis,ICD9CM-V32
44,79679,oth abn pap smr anus/hpv,ICD9CM-V32
44,7969,abnormal findings nec,ICD9CM-V32
45,797,senility w/o psychosis,ICD9CM-V32
45,798,sudden death cause unknw*,ICD9CM-V32
45,7980,sudden infant death synd,ICD9CM-V32
45,7981,instantaneous death,ICD9CM-V32
45,7982,death within 24 hr sympt,ICD9CM-V32
45,7989,unattended death,ICD9CM-V32
45,799,oth ill-def morbid/mortl*,ICD9CM-V32
45,7990,asphyxia#,ICD9CM-V32
45,79901,asphyxia,ICD9CM-V32
45,79902,hypoxemia,ICD9CM-V32
45,7991,respiratory arrest,ICD9CM-V32
45,7992,nervousness#,ICD9CM-V32
45,79921,nervousness,ICD9CM-V32
45,79922,irritability,ICD9CM-V32
45,79923,impulsiveness,ICD9CM-V32
45,79924,emotional lability,ICD9CM-V32
45,79925,demoralization & apathy,ICD9CM-V32
45,79929,emotional state sym nec,ICD9CM-V32
45,7993,debility nos,ICD9CM-V32
45,7994,cachexia,ICD9CM-V32
45,7995,*,ICD9CM-V32
45,79951,attn/concentrate deficit,ICD9CM-V32
45,79952,cog communicate deficit,ICD9CM-V32
45,79953,visuospatial deficit,ICD9CM-V32
45,79954,psychomotor deficit,ICD9CM-V32
45,79955,frontal lobe deficit,ICD9CM-V32
45,79959,cognition sign/sympt nec,ICD9CM-V32
45,7998,ill-define condition nec#,ICD9CM-V32
45,79981,decreased libido,ICD9CM-V32
45,79982,appar life threat-infant,ICD9CM-V32
45,79989,ill-define condition nec,ICD9CM-V32
45,7999,unkn cause morb/mort nec,ICD9CM-V32
46,890,open wound of hip/thigh*,ICD9CM-V32
46,8900,open wound of hip/thigh,ICD9CM-V32
46,8901,open wnd hip/thigh-compl,ICD9CM-V32
46,8902,opn wnd hip/thigh w tend,ICD9CM-V32
46,891,open wnd knee/leg/ankle*,ICD9CM-V32
46,8910,open wnd knee/leg/ankle,ICD9CM-V32
46,8911,open wnd knee/leg-compl,ICD9CM-V32
46,8912,opn wnd knee/leg w tendn,ICD9CM-V32
46,892,open wound of foot*,ICD9CM-V32
46,8920,open wound of foot,ICD9CM-V32
46,8921,open wound foot-compl,ICD9CM-V32
46,8922,open wound foot w tendon,ICD9CM-V32
46,893,open wound of toe*,ICD9CM-V32
46,8930,open wound of toe,ICD9CM-V32
46,8931,open wound toe-compl,ICD9CM-V32
46,8932,open wound toe w tendon,ICD9CM-V32
46,894,open wound of leg nec*,ICD9CM-V32
46,8940,open wound of leg nec,ICD9CM-V32
46,8941,open wound leg nec-compl,ICD9CM-V32
46,8942,opn wnd leg nec w tendon,ICD9CM-V32
46,895,traumatic amputation toe*,ICD9CM-V32
46,8950,amputation toe,ICD9CM-V32
46,8951,amputation toe-complicat,ICD9CM-V32
46,896,traumatic amputat foot*,ICD9CM-V32
46,8960,"amputation foot, unilat",ICD9CM-V32
46,8961,"amput foot, unilat-compl",ICD9CM-V32
46,8962,"amputation foot, bilat",ICD9CM-V32
46,8963,"amputat foot, bilat-comp",ICD9CM-V32
46,897,traumatic amputation leg*,ICD9CM-V32
46,8970,"amput below knee, unilat",ICD9CM-V32
46,8971,"amputat bk, unilat-compl",ICD9CM-V32
46,8972,"amput above knee, unilat",ICD9CM-V32
46,8973,"amput abv kn, unil-compl",ICD9CM-V32
46,8974,"amputat leg, unilat nos",ICD9CM-V32
46,8975,"amput leg, unil nos-comp",ICD9CM-V32
46,8976,"amputation leg, bilat",ICD9CM-V32
46,8977,"amputat leg, bilat-compl",ICD9CM-V32
47,920,contusion face/scalp/nck,ICD9CM-V32
47,921,contusion eye & adnexa*,ICD9CM-V32
47,9210,black eye nos,ICD9CM-V32
47,9211,contusion periocular,ICD9CM-V32
47,9212,contusion orbital tissue,ICD9CM-V32
47,9213,contusion of eyeball,ICD9CM-V32
47,9219,contusion of eye nos,ICD9CM-V32
47,922,contusion of trunk*,ICD9CM-V32
47,9220,contusion of breast,ICD9CM-V32
47,9221,contusion of chest wall,ICD9CM-V32
47,9222,contusion abdominal wall,ICD9CM-V32
47,9223,contusion of back*,ICD9CM-V32
47,92231,back contusion,ICD9CM-V32
47,92232,buttock contusion,ICD9CM-V32
47,92233,interscplr reg contusion,ICD9CM-V32
47,9224,contusion genital organs,ICD9CM-V32
47,9228,multiple contusion trunk,ICD9CM-V32
47,9229,contusion trunk nos,ICD9CM-V32
47,923,contusion of upper limb*,ICD9CM-V32
47,9230,contusion shoulder/arm*,ICD9CM-V32
47,92300,contusion shoulder reg,ICD9CM-V32
47,92301,contusion scapul region,ICD9CM-V32
47,92302,contusion axillary reg,ICD9CM-V32
47,92303,contusion of upper arm,ICD9CM-V32
47,92309,contusion shoulder & arm,ICD9CM-V32
47,9231,contusion elbow/forearm*,ICD9CM-V32
47,92310,contusion of forearm,ICD9CM-V32
47,92311,contusion of elbow,ICD9CM-V32
47,9232,contusion of wrist/hand*,ICD9CM-V32
47,92320,contusion of hand(s),ICD9CM-V32
47,92321,contusion of wrist,ICD9CM-V32
47,9233,contusion of finger,ICD9CM-V32
47,9238,multiple contusion arm,ICD9CM-V32
47,9239,contusion upper limb nos,ICD9CM-V32
47,924,contusion leg & oth site*,ICD9CM-V32
47,9240,contusion of hip & thigh*,ICD9CM-V32
47,92400,contusion of thigh,ICD9CM-V32
47,92401,contusion of hip,ICD9CM-V32
47,9241,contusion knee/lower leg*,ICD9CM-V32
47,92410,contusion of lower leg,ICD9CM-V32
47,92411,contusion of knee,ICD9CM-V32
47,9242,contusion ankle & foot*,ICD9CM-V32
47,92420,contusion of foot,ICD9CM-V32
47,92421,contusion of ankle,ICD9CM-V32
47,9243,contusion of toe,ICD9CM-V32
47,9244,multiple contusion leg,ICD9CM-V32
47,9245,contusion leg nos,ICD9CM-V32
47,9248,multiple contusions nec,ICD9CM-V32
47,9249,contusion nos,ICD9CM-V32
48,990,effects radiation nos,ICD9CM-V32
48,991,eff reduced temperature*,ICD9CM-V32
48,9910,frostbite of face,ICD9CM-V32
48,9911,frostbite of hand,ICD9CM-V32
48,9912,frostbite of foot,ICD9CM-V32
48,9913,frostbite nec/nos,ICD9CM-V32
48,9914,immersion foot,ICD9CM-V32
48,9915,chilblains,ICD9CM-V32
48,9916,hypothermia,ICD9CM-V32
48,9918,effect reduced temp nec,ICD9CM-V32
48,9919,effect reduced temp nos,ICD9CM-V32
48,992,effect of heat/light*,ICD9CM-V32
48,9920,heat stroke & sunstroke,ICD9CM-V32
48,9921,heat syncope,ICD9CM-V32
48,9922,heat cramps,ICD9CM-V32
48,9923,heat exhaust-anhydrotic,ICD9CM-V32
48,9924,heat exhaust-salt deple,ICD9CM-V32
48,9925,heat exhaustion nos,ICD9CM-V32
48,9926,"heat fatigue, transient",ICD9CM-V32
48,9927,heat edema,ICD9CM-V32
48,9928,heat effect nec,ICD9CM-V32
48,9929,heat effect nos,ICD9CM-V32
48,993,effects of air pressure*,ICD9CM-V32
48,9930,"barotrauma, otitic",ICD9CM-V32
48,9931,"barotrauma, sinus",ICD9CM-V32
48,9932,eff high altitud nec/nos,ICD9CM-V32
48,9933,caisson disease,ICD9CM-V32
48,9934,eff air press by explos,ICD9CM-V32
48,9938,effect air pressure nec,ICD9CM-V32
48,9939,effect air pressure nos,ICD9CM-V32
48,994,effect external caus nec*,ICD9CM-V32
48,9940,effects of lightning,ICD9CM-V32
48,9941,drowning/nonfatal submer,ICD9CM-V32
48,9942,effects of hunger,ICD9CM-V32
48,9943,effects of thirst,ICD9CM-V32
48,9944,exhaustion-exposure,ICD9CM-V32
48,9945,exhaustion-excess exert,ICD9CM-V32
48,9946,motion sickness,ICD9CM-V32
48,9947,asphyxiation/strangulat,ICD9CM-V32
48,9948,effects electric current,ICD9CM-V32
48,9949,effect external caus nec,ICD9CM-V32
48,995,certain adverse eff nec*,ICD9CM-V32
48,9950,other anaphylactic react,ICD9CM-V32
48,9951,angioneurotic edema,ICD9CM-V32
48,9952,adv eff med/biol sub nos#,ICD9CM-V32
48,99520,adv eff med/biol sub nos,ICD9CM-V32
48,99521,arthus phenomenon,ICD9CM-V32
48,99522,adv eff anesthesia nos,ICD9CM-V32
48,99523,adverse eff insulin nos,ICD9CM-V32
48,99524,fail mod sedate dur proc,ICD9CM-V32
48,99527,drug allergy nec,ICD9CM-V32
48,99529,adv eff med/biol nec/nos,ICD9CM-V32
48,9953,"allergy, unspecified",ICD9CM-V32
48,9954,shock due to anesthesia,ICD9CM-V32
48,9955,child maltreatment synd*,ICD9CM-V32
48,99550,child abuse nos,ICD9CM-V32
48,99551,child emotnl/psych abuse,ICD9CM-V32
48,99552,child neglect-nutrition,ICD9CM-V32
48,99553,child sexual abuse,ICD9CM-V32
48,99554,child physical abuse,ICD9CM-V32
48,99555,shaken infant syndrome,ICD9CM-V32
48,99559,child abuse/neglect nec,ICD9CM-V32
48,9956,*,ICD9CM-V32
48,99560,anphylct react food nos,ICD9CM-V32
48,99561,anphylct react peanuts,ICD9CM-V32
48,99562,anphylct react crstacns,ICD9CM-V32
48,99563,anphylct react frts veg,ICD9CM-V32
48,99564,anphyl react tr nts seed,ICD9CM-V32
48,99565,anphylct reaction fish,ICD9CM-V32
48,99566,anphylct react food addv,ICD9CM-V32
48,99567,anphylct react milk prod,ICD9CM-V32
48,99568,anphylct reaction eggs,ICD9CM-V32
48,99569,anphyl react oth sp food,ICD9CM-V32
48,9957,adverse food react nec,ICD9CM-V32
48,9958,adverse effect nec*,ICD9CM-V32
48,99580,adult maltreatment nos,ICD9CM-V32
48,99581,adult physical abuse,ICD9CM-V32
48,99582,adult emotnl/psych abuse,ICD9CM-V32
48,99583,adult sexual abuse,ICD9CM-V32
48,99584,adult neglect-nutrition,ICD9CM-V32
48,99585,oth adult abuse/neglect,ICD9CM-V32
48,99586,malignant hyperthermia,ICD9CM-V32
48,99589,adverse effect nec,ICD9CM-V32
48,9959,*,ICD9CM-V32
48,99590,"sirs, nos",ICD9CM-V32
48,99591,sepsis,ICD9CM-V32
48,99592,severe sepsis,ICD9CM-V32
48,99593,sirs-noninf w/o ac or ds,ICD9CM-V32
48,99594,sirs-noninf w ac org dys,ICD9CM-V32
49,V01,communicable dis contact*,ICD9CM-V32
49,V010,cholera contact,ICD9CM-V32
49,V011,tuberculosis contact,ICD9CM-V32
49,V012,poliomyelitis contact,ICD9CM-V32
49,V013,smallpox contact,ICD9CM-V32
49,V014,rubella contact,ICD9CM-V32
49,V015,rabies contact,ICD9CM-V32
49,V016,venereal dis contact,ICD9CM-V32
49,V017,viral dis contact nec#,ICD9CM-V32
49,V0171,varicella contact/exp,ICD9CM-V32
49,V0179,viral dis contact nec,ICD9CM-V32
49,V018,communic dis contact nec#,ICD9CM-V32
49,V0181,contact/exposure-anthrax,ICD9CM-V32
49,V0182,exposure to sars,ICD9CM-V32
49,V0183,e. coli contact/exp,ICD9CM-V32
49,V0184,meningococcus contact,ICD9CM-V32
49,V0189,communic dis contact nec,ICD9CM-V32
49,V019,communic dis contact nos,ICD9CM-V32
49,V02,infectious dis carrier*,ICD9CM-V32
49,V020,cholera carrier,ICD9CM-V32
49,V021,typhoid carrier,ICD9CM-V32
49,V022,amebiasis carrier,ICD9CM-V32
49,V023,gi pathogen carrier nec,ICD9CM-V32
49,V024,diphtheria carrier,ICD9CM-V32
49,V025,bacteria dis carrier nec*,ICD9CM-V32
49,V0251,group b streptoc carrier,ICD9CM-V32
49,V0252,streptococus carrier nec,ICD9CM-V32
49,V0253,meth susc staph carrier,ICD9CM-V32
49,V0254,meth resis staph carrier,ICD9CM-V32
49,V0259,bacteria dis carrier nec,ICD9CM-V32
49,V026,viral hepatitis carrier*,ICD9CM-V32
49,V0260,viral hep carrier nos,ICD9CM-V32
49,V0261,hepatitis b carrier,ICD9CM-V32
49,V0262,hepatitis c carrier,ICD9CM-V32
49,V0269,viral hep carrier nec,ICD9CM-V32
49,V027,gonorrhea carrier,ICD9CM-V32
49,V028,venereal dis carrier nec,ICD9CM-V32
49,V029,carrier nec,ICD9CM-V32
49,V03,vaccin for bacterial dis*,ICD9CM-V32
49,V030,vaccin for cholera,ICD9CM-V32
49,V031,vacc-typhoid-paratyphoid,ICD9CM-V32
49,V032,vaccin for tuberculosis,ICD9CM-V32
49,V033,vaccin for plague,ICD9CM-V32
49,V034,vaccin for tularemia,ICD9CM-V32
49,V035,vaccin for diphtheria,ICD9CM-V32
49,V036,vaccin for pertussis,ICD9CM-V32
49,V037,tetanus toxoid inoculat,ICD9CM-V32
49,V038,vaccin for bact dis nec*,ICD9CM-V32
49,V0381,nd vac hmophlus inflnz b,ICD9CM-V32
49,V0382,nd vac strptcs pneumni b,ICD9CM-V32
49,V0389,nd other specf vacnation,ICD9CM-V32
49,V039,vaccin for bact dis nos,ICD9CM-V32
49,V04,vaccin for viral disease*,ICD9CM-V32
49,V040,vaccin for poliomyelitis,ICD9CM-V32
49,V041,vaccin for smallpox,ICD9CM-V32
49,V042,vaccin for measles,ICD9CM-V32
49,V043,vaccin for rubella,ICD9CM-V32
49,V044,vaccin for yellow fever,ICD9CM-V32
49,V045,vaccin for rabies,ICD9CM-V32
49,V046,vaccin for mumps,ICD9CM-V32
49,V047,vaccin for common cold,ICD9CM-V32
49,V048,vaccin for influenza#,ICD9CM-V32
49,V0481,vaccin for influenza,ICD9CM-V32
49,V0482,vaccination for rsv,ICD9CM-V32
49,V0489,vaccn/inoc viral dis nec,ICD9CM-V32
49,V05,oth vaccin for singl dis*,ICD9CM-V32
49,V050,arbovirus enceph vaccin,ICD9CM-V32
49,V051,vacc arboviral dis nec,ICD9CM-V32
49,V052,vaccin for leishmaniasis,ICD9CM-V32
49,V053,need prphyl vc vrl hepat,ICD9CM-V32
49,V054,need prphyl vc varicella,ICD9CM-V32
49,V058,vaccin for disease nec,ICD9CM-V32
49,V059,vaccin for singl dis nos,ICD9CM-V32
49,V06,vac for dis combination*,ICD9CM-V32
49,V060,vaccin for cholera + tab,ICD9CM-V32
49,V061,vaccination for dtp-dtap,ICD9CM-V32
49,V062,vaccin for dtp + tab,ICD9CM-V32
49,V063,vaccin for dtp + polio,ICD9CM-V32
49,V064,vac-measle-mumps-rubella,ICD9CM-V32
49,V065,vaccination for td-dt,ICD9CM-V32
49,V066,nd vac strp pnumn/inflnz,ICD9CM-V32
49,V068,vac-dis combinations nec,ICD9CM-V32
49,V069,vac-dis combinations nos,ICD9CM-V32
49,V07,prophylactic measures*,ICD9CM-V32
49,V070,prophylactic isolation,ICD9CM-V32
49,V071,desensitiza to allergens,ICD9CM-V32
49,V072,prophylact immunotherapy,ICD9CM-V32
49,V073,prophyl chemotherapy nec*,ICD9CM-V32
49,V0731,prophylac fluoride admin,ICD9CM-V32
49,V0739,other prophylac chemothr,ICD9CM-V32
49,V074,hormone replace postmeno,ICD9CM-V32
49,V075,*,ICD9CM-V32
49,V0751,use of serms,ICD9CM-V32
49,V0752,use aromatase inhibitors,ICD9CM-V32
49,V0759,use oth agnt af estrogen,ICD9CM-V32
49,V078,prophyl or tx meas nec,ICD9CM-V32
49,V079,prophyl or tx meas nos,ICD9CM-V32
49,V08,asymp hiv infectn status,ICD9CM-V32
49,V09,infct mcrg resistnt drug*,ICD9CM-V32
49,V090,inf mcrg rstn pncllins,ICD9CM-V32
49,V091,inf mcrg rstn b-lactam,ICD9CM-V32
49,V092,inf mcrg rstn macrolides,ICD9CM-V32
49,V093,inf mcrg rstn ttrcycln,ICD9CM-V32
49,V094,inf mcrg rstn amnglcsds,ICD9CM-V32
49,V095,infct mcrg rstnt sulf*,ICD9CM-V32
49,V0950,inf mcr rst qn flr nt ml,ICD9CM-V32
49,V0951,inf mcrg rstn qn flrq ml,ICD9CM-V32
49,V096,inf mcrg rstn sulfnmides,ICD9CM-V32
49,V097,*,ICD9CM-V32
49,V0970,inf mcr rst oth ag nt ml,ICD9CM-V32
49,V0971,inf mcrg rstn oth ag mlt,ICD9CM-V32
49,V098,*,ICD9CM-V32
49,V0980,inf mcr rst ot drg nt ml,ICD9CM-V32
49,V0981,inf mcrg rstn oth drg ml,ICD9CM-V32
49,V099,*,ICD9CM-V32
49,V0990,infc mcrg drgrst nt mult,ICD9CM-V32
49,V0991,infc mcrg drgrst mult,ICD9CM-V32
50,V40,mental/behavioral prob*,ICD9CM-V32
50,V400,problems with learning,ICD9CM-V32
50,V401,prob with communication,ICD9CM-V32
50,V402,mental problems nec,ICD9CM-V32
50,V403,behavioral problems nec#,ICD9CM-V32
50,V4031,wandering-dis elsewhere,ICD9CM-V32
50,V4039,oth spc behavior problem,ICD9CM-V32
50,V409,mental/behavior prob nos,ICD9CM-V32
50,V41,prob w special functions*,ICD9CM-V32
50,V410,problems with sight,ICD9CM-V32
50,V411,eye problems nec,ICD9CM-V32
50,V412,problems with hearing,ICD9CM-V32
50,V413,ear problems nec,ICD9CM-V32
50,V414,voice production problem,ICD9CM-V32
50,V415,smell and taste problem,ICD9CM-V32
50,V416,problem w swallowing,ICD9CM-V32
50,V417,sexual function problem,ICD9CM-V32
50,V418,probl w special func nec,ICD9CM-V32
50,V419,probl w special func nos,ICD9CM-V32
50,V42,organ transplant status*,ICD9CM-V32
50,V420,kidney transplant status,ICD9CM-V32
50,V421,heart transplant status,ICD9CM-V32
50,V422,heart valve transplant,ICD9CM-V32
50,V423,skin transplant status,ICD9CM-V32
50,V424,bone transplant status,ICD9CM-V32
50,V425,cornea transplant status,ICD9CM-V32
50,V426,lung transplant status,ICD9CM-V32
50,V427,liver transplant status,ICD9CM-V32
50,V428,transplant status nec*,ICD9CM-V32
50,V4281,trnspl status-bne marrow,ICD9CM-V32
50,V4282,trspl sts-perip stm cell,ICD9CM-V32
50,V4283,trnspl status-pancreas,ICD9CM-V32
50,V4284,trnspl status-intestines,ICD9CM-V32
50,V4289,trnspl status organ nec,ICD9CM-V32
50,V429,transplant status nos,ICD9CM-V32
50,V43,organ replacement nec*,ICD9CM-V32
50,V430,eye replacement nec,ICD9CM-V32
50,V431,lens replacement nec,ICD9CM-V32
50,V432,heart replacement nec#,ICD9CM-V32
50,V4321,heart assist dev replace,ICD9CM-V32
50,V4322,artficial heart replace,ICD9CM-V32
50,V433,heart valve replac nec,ICD9CM-V32
50,V434,blood vessel replac nec,ICD9CM-V32
50,V435,bladder replacement nec,ICD9CM-V32
50,V436,joint replacement nec*,ICD9CM-V32
50,V4360,joint replaced unspcf,ICD9CM-V32
50,V4361,joint replaced shoulder,ICD9CM-V32
50,V4362,joint replaced elbow,ICD9CM-V32
50,V4363,joint replaced wrist,ICD9CM-V32
50,V4364,joint replaced hip,ICD9CM-V32
50,V4365,joint replaced knee,ICD9CM-V32
50,V4366,joint replaced ankle,ICD9CM-V32
50,V4369,oth spcf joint replaced,ICD9CM-V32
50,V437,limb replacement nec,ICD9CM-V32
50,V438,organ replacement nec*,ICD9CM-V32
50,V4381,larynx replacement,ICD9CM-V32
50,V4382,breast replacement,ICD9CM-V32
50,V4383,artific skin repl status,ICD9CM-V32
50,V4389,organ/tiss replacmnt nec,ICD9CM-V32
50,V44,artificial opning status*,ICD9CM-V32
50,V440,tracheostomy status,ICD9CM-V32
50,V441,gastrostomy status,ICD9CM-V32
50,V442,ileostomy status,ICD9CM-V32
50,V443,colostomy status,ICD9CM-V32
50,V444,enterostomy status nec,ICD9CM-V32
50,V445,cystostomy status*,ICD9CM-V32
50,V4450,cystostomy status nos,ICD9CM-V32
50,V4451,cutaneous-vesicos status,ICD9CM-V32
50,V4452,appendico-vesicos status,ICD9CM-V32
50,V4459,cystostomy status nec,ICD9CM-V32
50,V446,urinostomy status nec,ICD9CM-V32
50,V447,artificial vagina status,ICD9CM-V32
50,V448,artif open status nec,ICD9CM-V32
50,V449,artif open status nos,ICD9CM-V32
50,V45,oth postsurgical states*,ICD9CM-V32
50,V450,cardiac pacemaker status*,ICD9CM-V32
50,V4500,status cardc dvce unspcf,ICD9CM-V32
50,V4501,status cardiac pacemaker,ICD9CM-V32
50,V4502,status autm crd dfbrltr,ICD9CM-V32
50,V4509,status oth spcf crdc dvc,ICD9CM-V32
50,V451,renal dialysis status#,ICD9CM-V32
50,V4511,renal dialysis status,ICD9CM-V32
50,V4512,noncmplnt w renal dialys,ICD9CM-V32
50,V452,ventricular shunt status,ICD9CM-V32
50,V453,intestinal bypass status,ICD9CM-V32
50,V454,arthrodesis status,ICD9CM-V32
50,V455,presence of iud*,ICD9CM-V32
50,V4551,prsc ntrutr cntrcptv dvc,ICD9CM-V32
50,V4552,prsc sbdrml cntrcp mplnt,ICD9CM-V32
50,V4559,prsc other cntrcptv dvc,ICD9CM-V32
50,V456,"postsurgical state, eye*",ICD9CM-V32
50,V4561,cataract extract status,ICD9CM-V32
50,V4569,post-proc st eye/adn nec,ICD9CM-V32
50,V457,*,ICD9CM-V32
50,V4571,acq absnce breast/nipple,ICD9CM-V32
50,V4572,acquire absnce intestine,ICD9CM-V32
50,V4573,acquired absence kidney,ICD9CM-V32
50,V4574,acq absence urinary trct,ICD9CM-V32
50,V4575,acq absence of stomach,ICD9CM-V32
50,V4576,acq absence of lung,ICD9CM-V32
50,V4577,acq absnce genital organ,ICD9CM-V32
50,V4578,acquired absence of eye,ICD9CM-V32
50,V4579,acq absence of organ nec,ICD9CM-V32
50,V458,oth postsurgical status*,ICD9CM-V32
50,V4581,aortocoronary bypass,ICD9CM-V32
50,V4582,status-post ptca,ICD9CM-V32
50,V4583,breast impl remov status,ICD9CM-V32
50,V4584,dental restoratn status,ICD9CM-V32
50,V4585,insulin pump status,ICD9CM-V32
50,V4586,bariatric surgery status,ICD9CM-V32
50,V4587,trnsplnt orgn rem status,ICD9CM-V32
50,V4588,tpa adm status 24 hr pta,ICD9CM-V32
50,V4589,post-proc states nec,ICD9CM-V32
50,V46,other machine dependence*,ICD9CM-V32
50,V460,dependence on aspirator,ICD9CM-V32
50,V461,dependence on respirator#,ICD9CM-V32
50,V4611,respirator depend status,ICD9CM-V32
50,V4612,resp depend-powr failure,ICD9CM-V32
50,V4613,weaning from respirator,ICD9CM-V32
50,V4614,mech comp respirator,ICD9CM-V32
50,V462,depend-supplement oxygen,ICD9CM-V32
50,V463,wheelchair dependence,ICD9CM-V32
50,V468,machine dependence nec,ICD9CM-V32
50,V469,machine dependence nos,ICD9CM-V32
50,V47,oth probl w internal org*,ICD9CM-V32
50,V470,intern organ deficiency,ICD9CM-V32
50,V471,mech prob w internal org,ICD9CM-V32
50,V472,cardiorespirat probl nec,ICD9CM-V32
50,V473,digestive problems nec,ICD9CM-V32
50,V474,urinary problems nec,ICD9CM-V32
50,V475,genital problems nec,ICD9CM-V32
50,V479,probl w internal org nos,ICD9CM-V32
50,V48,head/neck/trunk problems*,ICD9CM-V32
50,V480,deficiencies of head,ICD9CM-V32
50,V481,deficiencies neck/trunk,ICD9CM-V32
50,V482,mechanical prob w head,ICD9CM-V32
50,V483,mech prob w neck & trunk,ICD9CM-V32
50,V484,sensory problem w head,ICD9CM-V32
50,V485,sensor prob w neck/trunk,ICD9CM-V32
50,V486,disfigurements of head,ICD9CM-V32
50,V487,disfigurement neck/trunk,ICD9CM-V32
50,V488,prob-head/neck/trunk nec,ICD9CM-V32
50,V489,prob-head/neck/trunk nos,ICD9CM-V32
50,V49,limb problem/problem nec*,ICD9CM-V32
50,V490,deficiencies of limbs,ICD9CM-V32
50,V491,mechanical prob w limbs,ICD9CM-V32
50,V492,motor problems w limbs,ICD9CM-V32
50,V493,sensory problems w limbs,ICD9CM-V32
50,V494,disfigurements of limbs,ICD9CM-V32
50,V495,limb problems nec,ICD9CM-V32
50,V496,*,ICD9CM-V32
50,V4960,status amput up lmb nos,ICD9CM-V32
50,V4961,status amput thumb,ICD9CM-V32
50,V4962,status amput oth fingers,ICD9CM-V32
50,V4963,status amput hand,ICD9CM-V32
50,V4964,status amput wrist,ICD9CM-V32
50,V4965,status amput below elbow,ICD9CM-V32
50,V4966,status amput above elbow,ICD9CM-V32
50,V4967,status amput shoulder,ICD9CM-V32
50,V497,*,ICD9CM-V32
50,V4970,status amput lwr lmb nos,ICD9CM-V32
50,V4971,status amput great toe,ICD9CM-V32
50,V4972,status amput othr toe(s),ICD9CM-V32
50,V4973,status amput foot,ICD9CM-V32
50,V4974,status amput ankle,ICD9CM-V32
50,V4975,status amput below knee,ICD9CM-V32
50,V4976,status amput above knee,ICD9CM-V32
50,V4977,status amput hip,ICD9CM-V32
50,V498,probl influ health nec*,ICD9CM-V32
50,V4981,asympt postmeno status,ICD9CM-V32
50,V4982,dental sealant status,ICD9CM-V32
50,V4983,await organ transplnt st,ICD9CM-V32
50,V4984,bed confinement status,ICD9CM-V32
50,V4985,dual sensory impairment,ICD9CM-V32
50,V4986,do not resusctate status,ICD9CM-V32
50,V4987,physical restrain status,ICD9CM-V32
50,V4989,conditn influ health nec,ICD9CM-V32
50,V499,probl influ health nos,ICD9CM-V32
51,V50,other elective surgery*,ICD9CM-V32
51,V500,hair transplant,ICD9CM-V32
51,V501,plastic surgery nec,ICD9CM-V32
51,V502,routine circumcision,ICD9CM-V32
51,V503,ear piercing,ICD9CM-V32
51,V504,*,ICD9CM-V32
51,V5041,prphylct orgn rmvl brst,ICD9CM-V32
51,V5042,prphylct orgn rmvl ovary,ICD9CM-V32
51,V5049,prphylct orgn rmvl other,ICD9CM-V32
51,V508,elective surgery nec,ICD9CM-V32
51,V509,elective surgery nos,ICD9CM-V32
51,V51,aftercare w plastic surg#,ICD9CM-V32
51,V510,brst reconst fol mastect,ICD9CM-V32
51,V518,aftercre plastc surg nec,ICD9CM-V32
51,V52,fitting of prosthesis*,ICD9CM-V32
51,V520,fitting artificial arm,ICD9CM-V32
51,V521,fitting artificial leg,ICD9CM-V32
51,V522,fitting artificial eye,ICD9CM-V32
51,V523,fitting dental prosthes,ICD9CM-V32
51,V524,fit/adj breast pros/impl,ICD9CM-V32
51,V528,fitting prosthesis nec,ICD9CM-V32
51,V529,fitting prosthesis nos,ICD9CM-V32
51,V53,adjustment of oth device*,ICD9CM-V32
51,V530,adjust nerv syst device*,ICD9CM-V32
51,V5301,adj cerebral vent shunt,ICD9CM-V32
51,V5302,adjust neuropacemaker,ICD9CM-V32
51,V5309,adj nerv syst device nec,ICD9CM-V32
51,V531,fit contact lens/glasses,ICD9CM-V32
51,V532,adjustment hearing aid,ICD9CM-V32
51,V533,adjust cardiac pacemaker*,ICD9CM-V32
51,V5331,ftng cardiac pacemaker,ICD9CM-V32
51,V5332,ftng autmtc dfibrillator,ICD9CM-V32
51,V5339,ftng oth cardiac device,ICD9CM-V32
51,V534,fit orthodontic device,ICD9CM-V32
51,V535,fit/adj intes appl nec#,ICD9CM-V32
51,V5350,fit/adjust intestinl dev,ICD9CM-V32
51,V5351,fit/adj gastric lap band,ICD9CM-V32
51,V5359,fit/adjust gi app-device,ICD9CM-V32
51,V536,fitting urinary devices,ICD9CM-V32
51,V537,fit orthopedic devices,ICD9CM-V32
51,V538,adjustment of wheelchair,ICD9CM-V32
51,V539,adjustmnt device nec/nos#,ICD9CM-V32
51,V5390,fit/adjust device nos,ICD9CM-V32
51,V5391,fit/adjust insulin pump,ICD9CM-V32
51,V5399,fit/adjust device nec,ICD9CM-V32
51,V54,oth orthopedic aftercare*,ICD9CM-V32
51,V540,removal int fixation dev#,ICD9CM-V32
51,V5401,removal int fixation dev,ICD9CM-V32
51,V5402,length/adjust growth rod,ICD9CM-V32
51,V5409,aftrcre int fixation dev,ICD9CM-V32
51,V541,*,ICD9CM-V32
51,V5410,aftrcre traum fx arm nos,ICD9CM-V32
51,V5411,aftrcare traum fx up arm,ICD9CM-V32
51,V5412,aftrcre traum fx low arm,ICD9CM-V32
51,V5413,aftrcre traumatic fx hip,ICD9CM-V32
51,V5414,aftrcre traum fx leg nos,ICD9CM-V32
51,V5415,aftrcare traum fx up leg,ICD9CM-V32
51,V5416,aftrcre traum fx low leg,ICD9CM-V32
51,V5417,aftrcre traum fx vertebr,ICD9CM-V32
51,V5419,aftrce traum fx bone nec,ICD9CM-V32
51,V542,*,ICD9CM-V32
51,V5420,aftrcare path fx arm nos,ICD9CM-V32
51,V5421,aftercare path fx up arm,ICD9CM-V32
51,V5422,aftrcare path fx low arm,ICD9CM-V32
51,V5423,aftercare path fx hip,ICD9CM-V32
51,V5424,aftrcare path fx leg nos,ICD9CM-V32
51,V5425,aftrcare path fx up leg,ICD9CM-V32
51,V5426,aftrcare path fx low leg,ICD9CM-V32
51,V5427,aftrcare path fx vertebr,ICD9CM-V32
51,V5429,aftrcre path fx bone nec,ICD9CM-V32
51,V548,orthopedic aftercare nec#,ICD9CM-V32
51,V5481,aftercare joint replace,ICD9CM-V32
51,V5482,aftcr explantatn jt pros,ICD9CM-V32
51,V5489,orthopedic aftercare nec,ICD9CM-V32
51,V549,orthopedic aftercare nos,ICD9CM-V32
51,V55,atten to artificial open*,ICD9CM-V32
51,V550,atten to tracheostomy,ICD9CM-V32
51,V551,atten to gastrostomy,ICD9CM-V32
51,V552,atten to ileostomy,ICD9CM-V32
51,V553,atten to colostomy,ICD9CM-V32
51,V554,atten to enterostomy nec,ICD9CM-V32
51,V555,atten to cystostomy,ICD9CM-V32
51,V556,atten to urinostomy nec,ICD9CM-V32
51,V557,atten artificial vagina,ICD9CM-V32
51,V558,attn to artif open nec,ICD9CM-V32
51,V559,attn to artif open nos,ICD9CM-V32
51,V56,dialysis encounter*,ICD9CM-V32
51,V560,renal dialysis encounter,ICD9CM-V32
51,V561,ft/adj xtrcorp dial cath,ICD9CM-V32
51,V562,fit/adj perit dial cath,ICD9CM-V32
51,V563,*,ICD9CM-V32
51,V5631,hemodialysis testing,ICD9CM-V32
51,V5632,peritoneal dialysis test,ICD9CM-V32
51,V568,"dialysis encounter, nec",ICD9CM-V32
51,V57,rehabilitation procedure*,ICD9CM-V32
51,V570,breathing exercises,ICD9CM-V32
51,V571,physical therapy nec,ICD9CM-V32
51,V572,occupat/vocation therapy*,ICD9CM-V32
51,V5721,encntr occupatnal thrpy,ICD9CM-V32
51,V5722,encntr vocational thrpy,ICD9CM-V32
51,V573,speech-language therapy,ICD9CM-V32
51,V574,orthoptic training,ICD9CM-V32
51,V578,oth rehabilitation proc*,ICD9CM-V32
51,V5781,orthotic training,ICD9CM-V32
51,V5789,rehabilitation proc nec,ICD9CM-V32
51,V579,rehabilitation proc nos,ICD9CM-V32
51,V58,encountr proc/aftrcr nec*,ICD9CM-V32
51,V580,radiotherapy encounter,ICD9CM-V32
51,V581,chemotherapy encounter#,ICD9CM-V32
51,V5811,antineoplastic chemo enc,ICD9CM-V32
51,V5812,immunotherapy encounter,ICD9CM-V32
51,V582,"blood transfusion, no dx",ICD9CM-V32
51,V583,atten-surg dressng/sutur#,ICD9CM-V32
51,V5830,attn rem nonsurg dressng,ICD9CM-V32
51,V5831,attn rem surg dressing,ICD9CM-V32
51,V5832,attn removal of sutures,ICD9CM-V32
51,V584,postsurg aftercare nec*,ICD9CM-V32
51,V5841,encntr plnd po wnd clsr,ICD9CM-V32
51,V5842,aftercare neoplasm surg,ICD9CM-V32
51,V5843,aftrcare inj/trauma surg,ICD9CM-V32
51,V5844,aftercare organ transplt,ICD9CM-V32
51,V5849,postop oth specfd aftrcr,ICD9CM-V32
51,V585,orthodontics aftercare,ICD9CM-V32
51,V586,*,ICD9CM-V32
51,V5861,long-term use anticoagul,ICD9CM-V32
51,V5862,long-term use antibiotic,ICD9CM-V32
51,V5863,lng use antiplte/thrmbtc,ICD9CM-V32
51,V5864,long-term anti-inflamtry,ICD9CM-V32
51,V5865,long-term use steroids,ICD9CM-V32
51,V5866,long-term use of aspirin,ICD9CM-V32
51,V5867,long-term use of insulin,ICD9CM-V32
51,V5868,lng term bisphosphonates,ICD9CM-V32
51,V5869,long-term use meds nec,ICD9CM-V32
51,V587,*,ICD9CM-V32
51,V5871,aft surg sense org nec,ICD9CM-V32
51,V5872,aftcre surg nerv sys nec,ICD9CM-V32
51,V5873,aft surg circ syst nec,ICD9CM-V32
51,V5874,aftrcre surg respsys nec,ICD9CM-V32
51,V5875,aft oral cav/dig sys nec,ICD9CM-V32
51,V5876,aftrcre surg gu syst nec,ICD9CM-V32
51,V5877,aft surg skin/subcu nec,ICD9CM-V32
51,V5878,aftrcre surg ms syst nec,ICD9CM-V32
51,V588,aftercare nec*,ICD9CM-V32
51,V5881,fit/adj vascular cathetr,ICD9CM-V32
51,V5882,fit/adj non-vsc cath nec,ICD9CM-V32
51,V5883,therapeutic drug monitor,ICD9CM-V32
51,V5889,other specfied aftercare,ICD9CM-V32
51,V589,aftercare nos,ICD9CM-V32
51,V59,donor*,ICD9CM-V32
51,V590,blood donor*,ICD9CM-V32
51,V5901,blood donor-whole blood,ICD9CM-V32
51,V5902,blood donor-stem cells,ICD9CM-V32
51,V5909,blood donor nec,ICD9CM-V32
51,V591,skin donor,ICD9CM-V32
51,V592,bone donor,ICD9CM-V32
51,V593,bone marrow donor,ICD9CM-V32
51,V594,kidney donor,ICD9CM-V32
51,V595,cornea donor,ICD9CM-V32
51,V596,liver donor,ICD9CM-V32
51,V597,*,ICD9CM-V32
51,V5970,egg donor nec,ICD9CM-V32
51,V5971,egg donor age <35 anon,ICD9CM-V32
51,V5972,egg donor age <35 desig,ICD9CM-V32
51,V5973,egg donor age 35+ anon,ICD9CM-V32
51,V5974,egg donor age 35+ desig,ICD9CM-V32
51,V598,org or tissue donor nec,ICD9CM-V32
51,V599,org or tissue donor nos,ICD9CM-V32
52,V70,general medical exam*,ICD9CM-V32
52,V700,routine medical exam,ICD9CM-V32
52,V701,psych exam-authority req,ICD9CM-V32
52,V702,gen psychiatric exam nec,ICD9CM-V32
52,V703,med exam nec-admin purp,ICD9CM-V32
52,V704,exam-medicolegal reasons,ICD9CM-V32
52,V705,health exam-group survey,ICD9CM-V32
52,V706,health exam-pop survey,ICD9CM-V32
52,V707,exam-clincal trial,ICD9CM-V32
52,V708,general medical exam nec,ICD9CM-V32
52,V709,general medical exam nos,ICD9CM-V32
52,V71,observation-suspect cond*,ICD9CM-V32
52,V710,observation-mental cond*,ICD9CM-V32
52,V7101,obsv-adult antisoc behav,ICD9CM-V32
52,V7102,obsv-adolesc antisoc beh,ICD9CM-V32
52,V7109,observ-mental cond nec,ICD9CM-V32
52,V711,obsv-suspct mal neoplasm,ICD9CM-V32
52,V712,observ-suspect tb,ICD9CM-V32
52,V713,observ-work accident,ICD9CM-V32
52,V714,observ-accident nec,ICD9CM-V32
52,V715,observ following rape,ICD9CM-V32
52,V716,observ-inflicted inj nec,ICD9CM-V32
52,V717,obs-susp cardiovasc dis,ICD9CM-V32
52,V718,observ-suspect cond nec*,ICD9CM-V32
52,V7181,observe-abuse & neglect,ICD9CM-V32
52,V7182,obs/eval sus exp anthrax,ICD9CM-V32
52,V7183,obs/eval exp biol nec,ICD9CM-V32
52,V7189,observ-suspect cond nec,ICD9CM-V32
52,V719,observ-suspect cond nos,ICD9CM-V32
52,V72,special examinations*,ICD9CM-V32
52,V720,eye & vision examination,ICD9CM-V32
52,V721,ear & hearing exam#,ICD9CM-V32
52,V7211,hearing exam-fail screen,ICD9CM-V32
52,V7212,hearing conservatn/trtmt,ICD9CM-V32
52,V7219,exam ears & hearing nec,ICD9CM-V32
52,V722,dental examination,ICD9CM-V32
52,V723,gynecologic examination#,ICD9CM-V32
52,V7231,routine gyn examination,ICD9CM-V32
52,V7232,pap smear confirmation,ICD9CM-V32
52,V724,preg exam-preg unconfirm#,ICD9CM-V32
52,V7240,pregnancy test unconfirm,ICD9CM-V32
52,V7241,pregnancy test negative,ICD9CM-V32
52,V7242,pregnancy test-positive,ICD9CM-V32
52,V725,radiological exam nec,ICD9CM-V32
52,V726,laboratory examination#,ICD9CM-V32
52,V7260,laboratory exam nos,ICD9CM-V32
52,V7261,antibody response exam,ICD9CM-V32
52,V7262,routine physicl lab exam,ICD9CM-V32
52,V7263,pre-procedure lab exam,ICD9CM-V32
52,V7269,laboratory exam nec,ICD9CM-V32
52,V727,skin/sensitization tests,ICD9CM-V32
52,V728,examination nec*,ICD9CM-V32
52,V7281,preop cardiovsclr exam,ICD9CM-V32
52,V7282,preop respiratory exam,ICD9CM-V32
52,V7283,oth spcf preop exam,ICD9CM-V32
52,V7284,preop exam unspcf,ICD9CM-V32
52,V7285,oth specified exam,ICD9CM-V32
52,V7286,blood typing encounter,ICD9CM-V32
52,V729,examination nos,ICD9CM-V32
52,V73,screening for viral dis*,ICD9CM-V32
52,V730,screening-poliomyelitis,ICD9CM-V32
52,V731,screening for smallpox,ICD9CM-V32
52,V732,screening for measles,ICD9CM-V32
52,V733,screening for rubella,ICD9CM-V32
52,V734,screening-yellow fever,ICD9CM-V32
52,V735,screening-arbovirus dis,ICD9CM-V32
52,V736,screening for trachoma,ICD9CM-V32
52,V738,screen vral chlm dis nec*,ICD9CM-V32
52,V7381,special screen exam hpv,ICD9CM-V32
52,V7388,scrn oth spcf chlmyd dis,ICD9CM-V32
52,V7389,scrn oth spcf viral dis,ICD9CM-V32
52,V739,screen for viral dis nos*,ICD9CM-V32
52,V7398,scrn unspcf chlmyd dis,ICD9CM-V32
52,V7399,scrn unspcf viral dis,ICD9CM-V32
52,V74,screening-bacterial dis*,ICD9CM-V32
52,V740,screening for cholera,ICD9CM-V32
52,V741,screening-pulmonary tb,ICD9CM-V32
52,V742,screening for leprosy,ICD9CM-V32
52,V743,screening for diphtheria,ICD9CM-V32
52,V744,screen-bact conjunctivit,ICD9CM-V32
52,V745,screen for veneral dis,ICD9CM-V32
52,V746,screening for yaws,ICD9CM-V32
52,V748,screen-bacterial dis nec,ICD9CM-V32
52,V749,screen-bacterial dis nos,ICD9CM-V32
52,V75,screen-oth infective dis*,ICD9CM-V32
52,V750,screen-rickettsial dis,ICD9CM-V32
52,V751,screening for malaria,ICD9CM-V32
52,V752,screen for leishmaniasis,ICD9CM-V32
52,V753,screen-trypanosomiasis,ICD9CM-V32
52,V754,screen-mycotic infect,ICD9CM-V32
52,V755,screen-schistosomiasis,ICD9CM-V32
52,V756,screen for filariasis,ICD9CM-V32
52,V757,screen for helminthiasis,ICD9CM-V32
52,V758,screen-parasitic dis nec,ICD9CM-V32
52,V759,screen for infec dis nos,ICD9CM-V32
52,V76,screening-malig neoplasm*,ICD9CM-V32
52,V760,screen mal neop-resp org,ICD9CM-V32
52,V761,screen mal neop-breast*,ICD9CM-V32
52,V7610,scrn mal neo breast nos,ICD9CM-V32
52,V7611,screen mammogram hi risk,ICD9CM-V32
52,V7612,screen mammogram nec,ICD9CM-V32
52,V7619,scrn mal neo breast nec,ICD9CM-V32
52,V762,screen mal neop-cervix,ICD9CM-V32
52,V763,screen mal neop-bladder,ICD9CM-V32
52,V764,screen mal neop-oth site*,ICD9CM-V32
52,V7641,screen mal neop-rectum,ICD9CM-V32
52,V7642,screen mal neop-oral cav,ICD9CM-V32
52,V7643,screen mal neop-skin,ICD9CM-V32
52,V7644,scrn malig neop-prostate,ICD9CM-V32
52,V7645,screen malig neop-testis,ICD9CM-V32
52,V7646,screen malig neop-ovary,ICD9CM-V32
52,V7647,screen malig neop-vagina,ICD9CM-V32
52,V7649,screen mal neop oth site,ICD9CM-V32
52,V765,*,ICD9CM-V32
52,V7650,scrn malig neo-intes nos,ICD9CM-V32
52,V7651,screen malig neop-colon,ICD9CM-V32
52,V7652,scrn mal neo-small intes,ICD9CM-V32
52,V768,screen-neoplasm nec*,ICD9CM-V32
52,V7681,screen neop-nervous syst,ICD9CM-V32
52,V7689,screen neoplasm nec,ICD9CM-V32
52,V769,screen-neoplasm nos,ICD9CM-V32
52,V77,screen-endo/nutr/metab*,ICD9CM-V32
52,V770,screen-thyroid disorder,ICD9CM-V32
52,V771,screen-diabetes mellitus,ICD9CM-V32
52,V772,screen for malnutrition,ICD9CM-V32
52,V773,screen-phenylketonuria,ICD9CM-V32
52,V774,screen for galactosemia,ICD9CM-V32
52,V775,screening for gout,ICD9CM-V32
52,V776,screen-cystic fibrosis,ICD9CM-V32
52,V777,screen-inborn err metab,ICD9CM-V32
52,V778,screening for obesity,ICD9CM-V32
52,V779,screen-endoc/nut/met nec*,ICD9CM-V32
52,V7791,screen lipoid disorders,ICD9CM-V32
52,V7799,screen-endoc/nut/met nec,ICD9CM-V32
52,V78,screening for blood dis*,ICD9CM-V32
52,V780,screen-iron defic anemia,ICD9CM-V32
52,V781,screen-defic anemia nec,ICD9CM-V32
52,V782,screen-sickle cell dis,ICD9CM-V32
52,V783,scrn-hemoglobinopath nec,ICD9CM-V32
52,V788,screen-blood dis nec,ICD9CM-V32
52,V789,screen-blood dis nos,ICD9CM-V32
52,V79,screening-mental disord*,ICD9CM-V32
52,V790,screening for depression,ICD9CM-V32
52,V791,screening for alcoholism,ICD9CM-V32
52,V792,scrn intellect disabilty,ICD9CM-V32
52,V793,screen-development prob,ICD9CM-V32
52,V798,screen-mental dis nec,ICD9CM-V32
52,V799,screen-mental dis nos,ICD9CM-V32
52,V80,screen-neuro/eye/ear dis*,ICD9CM-V32
52,V800,screen-neurological cond#,ICD9CM-V32
52,V8001,screen-traumtc brain inj,ICD9CM-V32
52,V8009,screen-neuro condition,ICD9CM-V32
52,V801,screening for glaucoma,ICD9CM-V32
52,V802,screening-eye cond nec,ICD9CM-V32
52,V803,screening for ear dis,ICD9CM-V32
52,V81,screen-heart/resp/gu dis*,ICD9CM-V32
52,V810,scrn-ischemic heart dis,ICD9CM-V32
52,V811,screen for hypertension,ICD9CM-V32
52,V812,screen-cardiovasc nec,ICD9CM-V32
52,V813,screen-bronch/emphysema,ICD9CM-V32
52,V814,screen-respir cond nec,ICD9CM-V32
52,V815,screen for nephropathy,ICD9CM-V32
52,V816,screen for gu cond nec,ICD9CM-V32
52,V82,screen-other conditions*,ICD9CM-V32
52,V820,screen for skin cond,ICD9CM-V32
52,V821,screen-rheumatoid arthr,ICD9CM-V32
52,V822,screen-rheumat dis nec,ICD9CM-V32
52,V823,screen-cong hip dislocat,ICD9CM-V32
52,V824,mat pstntl scr-chrm anom,ICD9CM-V32
52,V825,screen-contamination nec,ICD9CM-V32
52,V826,multiphasic screening,ICD9CM-V32
52,V827,*,ICD9CM-V32
52,V8271,screen-gentc dis carrier,ICD9CM-V32
52,V8279,genetic screening nec,ICD9CM-V32
52,V828,screen for condition nec*,ICD9CM-V32
52,V8281,screen - osteoporosis,ICD9CM-V32
52,V8289,screen for condition nec,ICD9CM-V32
52,V829,screen for condition nos,ICD9CM-V32
